state,Month,rainfall_anomaly,temp_anomaly,solar_anomaly,windspeed_anomaly,month_num,temp_anomaly_lowess,rainfall_anomaly_lowess,solar_anomaly_lowess,windspeed_anomaly_lowess
SA,2014-01-01,-0.4581603788632954,1.276622173625352,2.150116922769154,0.2611467848697222,1388534400.0,0.23272134953701387,0.32266590563815056,0.17931230046058635,0.21001647769380907
SA,2014-02-01,0.979353561393634,-0.3573322947911847,-0.344311537155324,0.2650326444256583,1391212800.0,0.21481447748751134,0.29954427799857664,0.04256654596136585,0.1504637260743733
SA,2014-03-01,-0.0393142460466954,-0.2257750042662003,0.3352413270830503,-0.193260440924635,1393632000.0,0.20679022745949438,0.2673247497342807,-0.061445740545508325,0.10111276459621049
SA,2014-04-01,0.5152314460204416,-0.5786543177777544,-0.6938600476413797,0.1609497796496031,1396310400.0,0.19982293243469887,0.21807766370667736,-0.15379911474113447,0.050009862651926695
SA,2014-05-01,0.2177048161344405,1.2630615639486038,-0.4004080498117428,-0.4510453015597852,1398902400.0,0.20114138377725457,0.1539341302395335,-0.21838565018586067,0.0033396242473555135
SA,2014-06-01,0.6292045168883406,0.1784307604650514,-0.6444504261202084,0.6930003004067644,1401580800.0,0.2864830407303863,0.04515876682516124,-0.23842963092389413,-0.04350204364579325
SA,2014-07-01,-0.0407259123194481,-0.2225079215325092,-0.6715793520114647,-0.0029258639737816,1404172800.0,0.5178431384683477,-0.09356660263644713,-0.13355654430704048,-0.0687008258822572
SA,2014-08-01,-1.055407449384083,0.3179043255869054,0.5370994018931494,-0.9664944935752886,1406851200.0,0.6571806597025039,-0.22455679188714803,0.010251482070555335,-0.08126694218841363
SA,2014-09-01,-0.6092044055356663,1.6366022659832922,0.4537989002356717,-0.0620506714168245,1409529600.0,0.5641470019928779,-0.3427762190621424,0.17609139945443,-0.06734419209188137
SA,2014-10-01,-0.4354785701958258,1.4826572843913013,0.5269206561393956,-0.2455520759193294,1412121600.0,0.35537979386700325,-0.40367928452941926,0.2961280604441813,-0.04062046901762141
SA,2014-11-01,-0.39272081870993,1.0537165568237654,-0.0734348640145157,0.0103128654588067,1414800000.0,0.0782841528268631,-0.3939009078029171,0.37623034825067525,-0.010013135530386916
SA,2014-12-01,-0.398622257066796,-1.5606772154331772,1.0738909510457797,0.0330053784343187,1417392000.0,-0.30875734527427845,-0.33139866174417953,0.3791661826069071,0.029958788414265133
SA,2015-01-01,0.2851318957641637,-1.8503564643817505,-0.7718059108804382,0.2588283672536837,1420070400.0,-0.8195866678839409,-0.24346387110805243,0.30119549169996235,0.07778983877609044
SA,2015-02-01,-0.6685687269550445,1.781977156652566,1.1989433538361745,0.1073755178582693,1422748800.0,-1.2210345259351512,-0.17062909943780244,0.19422123821063683,0.1147025271513103
SA,2015-03-01,-0.2492032554342991,-1.498582861303568,0.5210161620843045,0.0228454654388299,1425168000.0,-1.3739454501976227,-0.14879987586116428,0.1028683689935751,0.10978934029156089
SA,2015-04-01,0.5538651419003513,-2.947045230983832,-0.8947881522165364,0.2909184569146381,1427846400.0,-1.342037862070659,-0.15507141191510912,-0.020430188482357954,0.06586998087872574
SA,2015-05-01,-0.0174570821298116,-1.2088322859080591,-0.1287374559719065,0.1832876227081259,1430438400.0,-1.2334021615234316,-0.16601173739523742,-0.14781399210207805,0.006378289464278094
SA,2015-06-01,-0.448859714003946,-0.277688580115555,-0.2595489101909915,-0.1487572909357819,1433116800.0,-1.033716672932883,-0.18037624214000406,-0.21290939024534297,-0.06062236066874903
SA,2015-07-01,-0.2861139936539964,-1.0700591739594998,-0.3976577833840035,-0.2820466735879483,1435708800.0,-0.6586050771024686,-0.2258455769195257,-0.12180206976402103,-0.1257712984108345
SA,2015-08-01,-0.1250300082159037,-0.7456970914380463,-0.7507848165553755,-0.1455089427254785,1438387200.0,-0.20248501642047226,-0.27776984946320693,0.13096144532257614,-0.17682278589652028
SA,2015-09-01,-0.4842897890974886,-0.069168164124207,0.4366551093859847,-0.3905630708384135,1441065600.0,0.17471469532530137,-0.29050551311355277,0.4123473608595819,-0.19150402674689213
SA,2015-10-01,-0.4383953150588463,2.703255896645768,0.9784450078155196,-0.2756937334983966,1443657600.0,0.35704230791344266,-0.26233085272818973,0.611710503260957,-0.1748750025138485
SA,2015-11-01,0.0674249169051461,0.6141868562520613,1.4506958549397844,0.0704814614754605,1446336000.0,0.4147766000998847,-0.19887026370079686,0.735721042675419,-0.14843640993863633
SA,2015-12-01,-0.5602650723253576,2.4019448895262627,1.7921412193405644,-0.1620209948193496,1448928000.0,0.42666558923629994,-0.10397953223989384,0.7600038803234916,-0.12882666880068774
SA,2016-01-01,0.0487808739084225,-0.3865039240212517,-0.4071835681799278,-0.0069204452772781,1451606400.0,0.38004672594787964,0.006959968305090552,0.7182055630777315,-0.11707337222466414
SA,2016-02-01,0.1802190523808139,-0.975152371858666,0.7788975312880096,-0.0550808074199409,1454284800.0,0.24025752356913396,0.1263318424539003,0.5935780569477633,-0.11996782371235798
SA,2016-03-01,0.5069706234550077,-0.1464150996144404,-1.2307806589857044,-0.3150495985512709,1456790400.0,0.09059509369699213,0.25873286655108596,0.4152177711125665,-0.0970232552435193
SA,2016-04-01,-0.7113718743675908,0.8566580059161844,1.050460213796546,-0.1695850123942639,1459468800.0,-0.022126444373810207,0.3905568758296851,0.25925698722169727,-0.058305556362425355
SA,2016-05-01,0.5040487526185518,0.5700708169484194,0.1772018229654754,0.667243318910649,1462060800.0,-0.036318625890626434,0.4602076741953697,0.19471194045471238,-0.04647640399667356
SA,2016-06-01,0.9265652350855011,-0.4625117082811858,-0.0992479017998171,0.5503361422380135,1464739200.0,-0.16562470779923458,0.4994045160921702,0.0975412802372688,-0.02332597656141004
SA,2016-07-01,0.6590356187969189,-0.5399152993982632,-0.109558475142947,0.1073098308951498,1467331200.0,-0.5027537675246008,0.5264175175190073,-0.009281767127181133,0.02185447884142279
SA,2016-08-01,0.0501050484207554,0.3950119532356382,0.2861188652540622,-0.1401789494640146,1470009600.0,-0.8590377215041285,0.5186835380464178,-0.08802786575351654,0.04824285048360535
SA,2016-09-01,1.9346817852488365,-1.9917346467683783,-1.872785251696213,0.0864064244238402,1472688000.0,-1.0315152549976594,0.5103239608214448,-0.17356908039148372,0.01332099349738067
SA,2016-10-01,0.7384597069023914,-3.0498768613634084,-0.1768776568975418,0.7094574478901876,1475280000.0,-1.0790527151207552,0.4909181169498267,-0.2598591905859165,-0.04384756488535231
SA,2016-11-01,-0.322243860745434,-1.365767316266254,0.7911161133656783,-0.0013057697269021,1477958400.0,-1.0713994908870226,0.4603254986457513,-0.3373073579707134,-0.0854496297736472
SA,2016-12-01,0.9364473685370184,-0.5419765546234707,-1.624670414734375,-0.1088724689948588,1480550400.0,-0.9030656345164519,0.4310217581044107,-0.3736246358797003,-0.10945373113039916
SA,2017-01-01,0.6408923710372871,-0.135548890089705,-0.2409353763321959,-0.4681337885763934,1483228800.0,-0.5776415228363286,0.34665938756346854,-0.36851314718213707,-0.1490419714882967
SA,2017-02-01,-0.0545831204020328,-0.9324516661299532,-0.7908954688688645,-0.1589156151729067,1485907200.0,-0.2759922570608342,0.22809484783859701,-0.3283375892051863,-0.20258795417617975
SA,2017-03-01,0.0171125340393869,1.6853396818485358,-0.0092146096178105,0.1496507836192728,1488326400.0,-0.06096457468951209,0.09364918142930685,-0.21569072454240273,-0.2344232058744811
SA,2017-04-01,0.235030118626075,-0.450087871425989,-0.5343829234583488,-0.3270116736981387,1491004800.0,0.13887692862085763,-0.016647658232124225,-0.02143443606889042,-0.2118647180260842
SA,2017-05-01,-0.4461888746293695,-0.0846832814122287,0.5952813718145435,-0.4852669638657007,1493596800.0,0.26213047989923993,-0.03314741151204926,0.10291976814323184,-0.15320195205960666
SA,2017-06-01,-0.9638312412494228,0.7730390283033941,0.6525833604630761,-1.1396713346234306,1496275200.0,0.3192729073373993,-0.016483260690443525,0.17810393915746378,-0.0949750357319693
SA,2017-07-01,0.1407402810469347,1.0760942863787015,0.505441561115509,-0.0549021105644662,1498867200.0,0.3132450574370569,-0.0018321512044540311,0.18750051776647775,-0.06606144890788762
SA,2017-08-01,0.5356728671834599,-0.2427540332166806,-0.2102440516172858,0.3171668281314401,1501545600.0,0.33263830681536527,0.03931163568889934,0.08563558600156744,-0.027659603451669335
SA,2017-09-01,-0.0103114143204272,0.6480022659833046,0.1174727989864941,0.5223771150621265,1504224000.0,0.28800394919441896,0.11085733101924802,-0.09930231782492914,0.011999759109812817
SA,2017-10-01,0.0940561973330585,-0.63246946722915,-0.1056876026479862,-0.0721313925314675,1506816000.0,0.24291230879122652,0.10644001699537481,-0.2858893942377042,0.0005339237884578912
SA,2017-11-01,0.2494923648604434,1.234436500593226,-1.2853644259293413,-0.133943880526778,1509494400.0,0.24369970971137364,0.017706575056623697,-0.4203827811351874,-0.02973314013835516
SA,2017-12-01,0.1661112439091664,-1.2395011722707174,-0.3294569533884796,-0.1256914437941647,1512086400.0,0.3065366260912124,-0.08368351555337787,-0.44362591483660213,-0.05324166541445845
SA,2018-01-01,-0.4971517546211181,1.0613085067097678,-0.733267916180715,-0.0485069178280763,1514764800.0,0.38180685460570735,-0.17803236919733192,-0.3655496690697286,-0.0396756127106142
SA,2018-02-01,-0.4462917947266232,0.5189377155762606,-0.871371472865384,-0.1545497524034784,1517443200.0,0.38647109255441914,-0.2630783010324768,-0.23368204005196752,-0.00986909891479626
SA,2018-03-01,-0.2387321703140908,0.2061312120684064,0.3858037812419858,0.3348822802470952,1519862400.0,0.3436986199020642,-0.32275746080967066,-0.08349823893189162,0.019990254349072648
SA,2018-04-01,-0.6155414652277186,3.118886987522327,1.0721019720476974,0.0448398229507995,1522540800.0,0.3334900116174743,-0.3418607885958927,0.0895072698466232,0.06013077951566991
SA,2018-05-01,-0.249095203049305,-0.5305328274563407,-0.2390726868384547,0.0769475891464681,1525132800.0,0.2990652013955344,-0.3024094797352946,0.24918586199111076,0.08769262140151785
SA,2018-06-01,-0.1594618894086019,-0.1895919367848844,0.3501831159528006,0.0420662384759862,1527811200.0,0.20792134607061924,-0.2622687476446231,0.33924881735871776,0.06981345160973908
SA,2018-07-01,-0.4680881544442079,0.7572855383187402,0.6769098792874146,0.2330885632071355,1530403200.0,0.07827978855922023,-0.21287585696657532,0.2606471609430132,0.03421245472273723
SA,2018-08-01,0.6004114435279321,0.2925627918814761,0.140281366964551,0.9511932755166664,1533081600.0,-0.07164351073916718,-0.13837453862471807,0.06495177318140806,0.019034086559823412
SA,2018-09-01,-0.8285414917734765,-0.2481197395877323,0.8618773316082482,-0.1535222214495144,1535760000.0,-0.09074784705288393,-0.09497755634122139,-0.11723159870506399,0.013195824833830545
SA,2018-10-01,0.0507843044366347,-0.5260237593093108,-1.2233133729561343,-0.1168169394759361,1538352000.0,-0.008826314640242658,-0.11236501309871628,-0.18937233991780544,-0.011169703145554611
SA,2018-11-01,0.390574160942241,-1.5671226877590314,-0.919330288851082,0.0549272532285707,1541030400.0,0.06063000217872319,-0.1594484956608071,-0.17129299331157258,-0.04122022516109038
SA,2018-12-01,-0.1063180039312222,0.76801647493631,-1.0316990709046898,0.3436074790654508,1543622400.0,0.12893795583689394,-0.2226093344521924,-0.1440660008379604,-0.04079661977306317
SA,2019-01-01,-0.8424764970432259,2.563207899727196,0.9603636020860976,-0.3181974667194023,1546300800.0,0.27321645995460336,-0.29296069284438303,-0.06980990531823002,-0.012366261527627981
SA,2019-02-01,-0.5227811259888862,0.0822688104073492,1.2195671774895764,-0.0519534861914436,1548979200.0,0.41637452115998463,-0.3474401268388706,0.1216644885550759,0.01731794943036298
SA,2019-03-01,-0.16850389028992,0.1652369379085669,-0.0815586476005165,-0.0893841993117385,1551398400.0,0.4491919441593581,-0.3459610680846721,0.30612961781529113,0.03503135878426314
SA,2019-04-01,-0.9305821592124808,1.1912040402468165,0.2605778608553546,0.2388059887999247,1554076800.0,0.3464838584284037,-0.3369039754245327,0.4048235061220849,0.05332154631453591
SA,2019-05-01,0.647258611262991,-0.3839740615540812,0.3785490715423165,0.1687812935942005,1556668800.0,0.22644193034986132,-0.3287146149295053,0.3834092276303054,0.06963255968425319
SA,2019-06-01,0.1609767094017102,-0.187945620163715,0.4938116219483834,0.2658933181734828,1559347200.0,0.19931786643288874,-0.30896659390715503,0.3721255598534587,0.06317626930936592
SA,2019-07-01,-0.6619233462828368,0.7392023804484253,0.4810824038649226,-0.2733682198725668,1561939200.0,0.18204466328495816,-0.28501759767638063,0.4269427211370046,0.04254822903255755
SA,2019-08-01,-0.5281881230869387,-0.648361738750939,0.2717483582498925,0.1186676641910438,1564617600.0,0.10935318206740614,-0.2863333676810641,0.519720797144156,0.021437773217203283
SA,2019-09-01,-0.2194847665735122,0.9242039280331616,0.4309753708239334,-0.2672742007273472,1567296000.0,0.025456966523024815,-0.34150629680159894,0.6151406849524402,0.018662789307023725
SA,2019-10-01,-0.1927413374840309,0.5524130309022439,0.7324298275498826,-0.0391441795962492,1569888000.0,-0.25810762553714417,-0.324020273363486,0.5880470011127183,0.030389965330171298
SA,2019-11-01,-0.3019713251245149,-1.2585528765210228,0.97368278304436,0.5046099018424286,1572566400.0,-0.6030702553726721,-0.25934194425280177,0.5410736264446707,0.04166130437425359
SA,2019-12-01,-0.7352910632285418,2.4673338028160465,1.6208547983518002,0.1457252381172473,1575158400.0,-0.945613131739186,-0.1921662320659028,0.5046483547822657,0.05695130597389185
SA,2020-01-01,-0.3003803456413647,-0.7470432736530163,-0.1655701093109378,-0.00333971115161,1577836800.0,-1.3118308996749442,-0.12297977537876295,0.4637615612849461,0.07487350996534974
SA,2020-02-01,0.486452717705391,-2.5436168634089036,0.1427244825899585,0.0705582305060019,1580515200.0,-1.6938263578891843,-0.04941824795951117,0.40779897891418665,0.0924636697913095
NSW,2014-01-01,-1.6211636467308073,0.2434520737510084,2.723722645955551,0.1438992386239794,1388534400.0,-0.3899857800603914,-0.30869453342548986,-1.2203224149028735,-0.038960820131455645
NSW,2014-02-01,0.1986523527758374,-0.4917943559973458,-1.1851027932962095,0.024875191485933,1391212800.0,-0.3197911680267861,-0.26761830625927,-1.03384469237666,-0.04637451994466825
NSW,2014-03-01,1.05954571908322,-0.957193389952902,-0.8839342648434929,-0.3505426579191928,1393632000.0,-0.2549006257220409,-0.23237713412657787,-0.8725067334353844,-0.04924648990730475
NSW,2014-04-01,-0.0247902015135941,-0.716295128319583,-0.6443678408909185,-0.174709953704816,1396310400.0,-0.1910178636978346,-0.18254338556110414,-0.7005373070837808,-0.05231642485185106
NSW,2014-05-01,-0.3594143247862131,0.5468976916448085,-0.2850847368029949,-0.2516468302792365,1398902400.0,-0.1360873459266548,-0.13090840944850377,-0.5370905076578161,-0.058731934374561104
NSW,2014-06-01,-0.7675650353743055,0.3548368896960241,-0.2811204989902211,0.2555088715476046,1401580800.0,-0.029661706675563775,-0.15555515355458788,-0.3661701990810086,-0.05892797363336828
NSW,2014-07-01,-0.4255661896540047,-0.0046621246010669,-0.2945507865280472,0.1289022214303843,1404172800.0,0.14873302440924588,-0.24071475666476347,-0.2140723660022144,-0.03261194130416481
NSW,2014-08-01,1.3501763759869454,-0.1907115534893506,-0.4105144274360714,-0.07854802624994,1406851200.0,0.2792586774317686,-0.27434997364783226,-0.146186671850755,-0.001083860460573577
NSW,2014-09-01,-0.3522017384703013,0.2273860390824573,0.1893124440311808,-0.0783142430529824,1409529600.0,0.21840990568429203,-0.1558249277654489,-0.17905032480688704,0.015066663983032498
NSW,2014-10-01,-0.4554083851699477,1.056789331694489,1.111013561966427,-0.0499276735411839,1412121600.0,0.022657386516530792,0.034891327580803676,-0.2489888494748224,0.006788814242374477
NSW,2014-11-01,-0.9163306510337484,1.7282828925172176,-0.4422229424863459,0.0905919388562179,1414800000.0,-0.1561362573137629,0.1661557905712633,-0.31838947086631575,-0.004829923543131592
NSW,2014-12-01,1.244009356932798,-0.7216419365249429,-0.6488230000619523,0.1305485580755476,1417392000.0,-0.31098439005158307,0.2573343641450658,-0.4316744076108051,0.003929334505278433
NSW,2015-01-01,1.2568507699258662,-1.92956452973732,-0.947205719534164,-0.0442955839133829,1420070400.0,-0.5784480906990359,0.3952949862984957,-0.6068874607370021,0.03612005730909564
NSW,2015-02-01,0.2389018760916932,-0.9087204035899638,-0.5048783164875239,-0.2251168467306197,1422748800.0,-0.8785348103610661,0.4594743417077984,-0.7034023461688712,0.0675873424562233
NSW,2015-03-01,-1.8246041723050437,-0.1990643412904233,1.26929738915479,0.0784230395821969,1425168000.0,-0.9999576896758836,0.4151781244493942,-0.6852779199851505,0.06822910834552523
NSW,2015-04-01,3.10541770799868,-2.1136406052472445,-1.5143031982935238,0.3861718149683501,1427846400.0,-0.9926266738370101,0.299090420556996,-0.6370091418331802,0.04873422459507179
NSW,2015-05-01,0.8455837289745726,-1.1312927212419837,-0.6997650419132632,0.2917366557161731,1430438400.0,-0.9379023524263379,0.17147856503559397,-0.5952187285744636,0.03370750952804574
NSW,2015-06-01,-0.9371969999295202,-0.1306765153964004,0.1163864497316584,-0.449789277736409,1433116800.0,-0.8877545902161763,0.12273858537354183,-0.52322084115504,0.00957854862056546
NSW,2015-07-01,0.5334718985272552,-1.5133078997649712,-0.5686070273324244,-0.0412324022772296,1435708800.0,-0.7742797069060108,0.059348863114004606,-0.3780422121080255,-0.04509026535493078
NSW,2015-08-01,0.1711112047298923,-0.3618780018399014,-0.7219760757839708,-0.1194724340080681,1438387200.0,-0.579751347476737,-0.035822520285868895,-0.2132503309972089,-0.11255270706787388
NSW,2015-09-01,-0.3818410770101823,-0.6648778148985705,0.4501783361747016,-0.2171916963290212,1441065600.0,-0.46281016806758407,-0.07894744724167618,-0.061008401795481525,-0.1399061024415655
NSW,2015-10-01,-0.8156924136160053,2.168458598275798,0.0025665264085965,-0.294103307516162,1443657600.0,-0.4138823688936702,-0.13704243738826308,0.13515202926804717,-0.13556027024708342
NSW,2015-11-01,1.0559399546560415,0.3345692107215967,-0.1443086991074551,-0.0625054479499676,1446336000.0,-0.2949371503156329,-0.31412548819025204,0.3901296503725663,-0.13182603433348794
NSW,2015-12-01,-0.414045943610573,-0.4738968290388889,0.9269791319631686,0.0358238344829713,1448928000.0,-0.11824895508216009,-0.4936358466697666,0.5406741361294715,-0.1294006128302257
NSW,2016-01-01,2.3717147022394607,-1.5013394462422802,-2.395190062733814,-0.1964449941804749,1451606400.0,0.08829651812881502,-0.5979496914354191,0.6384041054865546,-0.11816860525749459
NSW,2016-02-01,-1.0896779043163494,0.2378156796115611,1.8062549718212573,-0.0353150401340438,1454284800.0,0.26600338015114067,-0.6696502343396795,0.6999891027987759,-0.09330573949689297
NSW,2016-03-01,-1.2652629980445207,0.9064705882353044,0.3766575411693295,-0.2622056902282965,1456790400.0,0.34249692572939905,-0.7098599642019522,0.7014342583890796,-0.05525160002021205
NSW,2016-04-01,-1.1700519531507143,1.575920117941095,1.014291418368357,-0.1908245501700238,1459468800.0,0.39482781029682584,-0.5238982886819494,0.545741931257613,-0.006339218659943374
NSW,2016-05-01,0.2759841095859434,0.7690036486423466,0.3723373582209124,0.2080896887890899,1462060800.0,0.35356022715241103,-0.18775149382155928,0.2498909796045119,0.022436434369627476
NSW,2016-06-01,3.391488596450296,-0.4417276859788792,-0.6303655424015879,0.5448650344674965,1464739200.0,0.12743271639095013,0.16799106004221012,-0.03439694651455467,0.03902657379252661
NSW,2016-07-01,1.0789703121504666,-0.1722919328056598,-0.4102617246938251,0.1731399723663154,1467331200.0,-0.20300671836394701,0.38110535321392885,-0.20805389562848847,0.065180390587721
NSW,2016-08-01,0.4735651934180467,-0.1919583751633915,-0.284246294166504,-0.4264858632855057,1470009600.0,-0.356346123804999,0.45816525860700624,-0.30973881449089097,0.06798698754735026
NSW,2016-09-01,2.090413839289436,-1.5764138015981253,-1.9840915702031303,-0.0716680845186252,1472688000.0,-0.29314589878463065,0.34379282451494664,-0.3687979587672046,0.0322530811124061
NSW,2016-10-01,-0.1339273273346881,-2.4967214059791125,0.1435473653119885,0.4130308103380864,1475280000.0,-0.1058497709112488,0.07737531245395536,-0.3754738994277867,-0.005162196873204644
NSW,2016-11-01,-0.8895937577050459,-0.0207282471945795,1.6886803383699238,-0.1473035531077524,1477958400.0,0.09648269772273799,-0.1770972441325062,-0.3553335293758917,-0.007487600133055664
NSW,2016-12-01,-0.5371925648735733,0.624998479774387,-0.7841537076201917,-0.0613322078528368,1480550400.0,0.2603846373966416,-0.37608613997020235,-0.34289661308559605,0.015692867426783764
NSW,2017-01-01,-0.8349057611454423,1.7343754799870723,-0.2638736991898014,0.0338841812912393,1483228800.0,0.37330057443076853,-0.47350980856312735,-0.3225089350262318,0.01754901316989407
NSW,2017-02-01,0.01912349075569,1.2354253539859317,-0.0775023774862759,0.09874206589547,1485907200.0,0.3085174170138291,-0.4864704587464895,-0.2731151827089915,-0.017698627903115455
NSW,2017-03-01,3.2698295729457807,-0.2709744676212722,-1.6083918797860068,0.266757421801334,1488326400.0,0.2512178256782253,-0.47644979807022403,-0.15288773936550465,-0.06699435780341947
NSW,2017-04-01,-0.6522093200650729,-1.3276855398258114,0.1624938782909559,-0.091394069689549,1491004800.0,0.17243729094995824,-0.47544617333798744,0.014355005685133076,-0.11462497548386048
NSW,2017-05-01,-0.1113967711760397,-0.3802408419699112,0.174115670612986,-0.4539473513938907,1493596800.0,0.0936515267574694,-0.5143484987588515,0.17712159231683167,-0.14386492950728172
NSW,2017-06-01,-0.8985365102300462,0.3575640889572042,0.4559863094502674,-0.4739310089602466,1496275200.0,0.14744161522237517,-0.5987244805044865,0.33920456962304224,-0.14884633273051937
NSW,2017-07-01,-0.5411967103240313,0.6757615778581431,0.5015147763191283,-0.2504323689571887,1498867200.0,0.2795981525547192,-0.6114971675434888,0.4198014666470765,-0.13929665064167726
NSW,2017-08-01,-0.8472715950043865,0.2993810536296877,0.8775278735029701,0.2401028245199188,1501545600.0,0.3376728859802503,-0.532064555692451,0.38429463389871743,-0.12226725568359811
NSW,2017-09-01,-1.2343324317288271,1.7775752740203714,0.7698851556054116,0.4536285169758302,1504224000.0,0.3162194884304542,-0.4526599358557427,0.29717328159628464,-0.07674653183736449
NSW,2017-10-01,0.4180839924031165,0.0936260791104715,-0.3572594452403237,-0.036699509927335,1506816000.0,0.31308784788669086,-0.39166988516439727,0.22784870690242473,-0.02646165079503124
NSW,2017-11-01,0.0242783678564979,-1.0232555469479152,0.0084531353047374,-0.1722087105899863,1509494400.0,0.29007294372222486,-0.32427733226207434,0.17059447948066922,0.004709644810779168
NSW,2017-12-01,0.0380423989745271,0.0087924427088026,-0.7271308763081556,-0.0716466389688026,1512086400.0,0.26118752010939844,-0.3193121624256457,0.16266496405669512,0.015512294447624326
NSW,2018-01-01,-1.177389016613092,1.408602638343062,0.8869816438288751,0.0643417238369279,1514764800.0,0.29642614377249255,-0.41328056866708707,0.2351968777220703,0.04359501429653877
NSW,2018-02-01,0.6658988397528391,-0.0767878909119872,-0.1027456715312133,0.1378081866095555,1517443200.0,0.3806734118044777,-0.572413213007516,0.36355966634905645,0.08452382468471072
NSW,2018-03-01,-1.2487580646990195,0.517453580588338,0.8424572519586703,0.2651645977109842,1519862400.0,0.4289885111482469,-0.6871574084388112,0.46734083721533004,0.11660615958291141
NSW,2018-04-01,-1.2424215593662975,2.5679802132603733,0.988754036222872,0.0713024813390998,1522540800.0,0.4524595077126553,-0.7700740616328132,0.552053279917749,0.13555097358458862
NSW,2018-05-01,-0.6473633278452072,0.2062753705182558,0.4371634607665857,0.2052165120793714,1525132800.0,0.45033285027287856,-0.8157740250714708,0.5884738337904473,0.13986079225094125
NSW,2018-06-01,-0.8205004012620258,-0.1296291445861186,0.3392498462264725,0.120082758735232,1527811200.0,0.42966503047372223,-0.7803011742324718,0.5829868189959363,0.12415024095796565
NSW,2018-07-01,-0.6503704162000274,1.021231242918372,0.7709673203202793,-0.0104996158403074,1530403200.0,0.3214402963658745,-0.5952670053414354,0.48218319853024894,0.10136246720645578
NSW,2018-08-01,-1.1462990082696185,0.4467140911546216,0.5428782172796058,0.3867888518380593,1533081600.0,0.14674386450229496,-0.34982333612459526,0.33551108186346346,0.089103136822253
NSW,2018-09-01,-0.1318063400141156,0.2414701130659402,0.5745968546931906,-0.0853954088390009,1535760000.0,0.036253682469925545,-0.201699142955014,0.31278835006833317,0.07572492511602526
NSW,2018-10-01,0.9785107304185444,-0.7814922486691777,-0.9008504841502472,-0.0346187591169666,1538352000.0,-0.054130768948687104,-0.14397370858857444,0.3715636327640994,0.06105130486449218
NSW,2018-11-01,0.6948963062577275,-0.9506004892292664,-1.1125492912597323,0.29231277043765,1541030400.0,-0.1148002664829926,-0.1016158298547989,0.38470980992348597,0.05867277356090933
NSW,2018-12-01,-0.3299829677345682,0.574309899307849,1.0967103926486708,-0.0460523947375173,1543622400.0,-0.11818296781992225,-0.0950687442383682,0.3658077423408299,0.06319449013388294
NSW,2019-01-01,-0.9221493872711144,3.2609170020325067,0.8182688422168986,-0.081710208004913,1546300800.0,-0.03837861703501086,-0.21898278273739094,0.41378371739259373,0.06385033019719358
NSW,2019-02-01,-0.5178508906456074,-0.1267479548097334,0.7715890556102954,0.3474438991988928,1548979200.0,0.10293864958457312,-0.404515018414097,0.5074409062948126,0.0528479777156158
NSW,2019-03-01,0.396413984166219,0.1981990862502414,-0.4070097781424131,0.1285556456956196,1551398400.0,0.21546790004571634,-0.5239309927630448,0.5152242449729975,0.037720838180641106
NSW,2019-04-01,-1.415262799618284,0.6303971282488554,0.8250580850350246,-0.1833330381680435,1554076800.0,0.28895409992378734,-0.5683164391091503,0.4630195509560283,0.03422922260364798
NSW,2019-05-01,-0.2391923948779659,0.0429346708532776,0.1649376513145011,0.0805437003287803,1556668800.0,0.3987292929322749,-0.5930656074283689,0.4446560557151095,0.040744029486322976
NSW,2019-06-01,-0.9945126730285963,0.4356059251929949,0.4875578183614859,-0.080552494415492,1559347200.0,0.5360645907451681,-0.6334822280726022,0.48281398137748205,0.04763288312502332
NSW,2019-07-01,-0.3550762510554827,0.890040383849282,0.4291002940740575,-0.0109346056134795,1561939200.0,0.646167243796969,-0.6887318152429523,0.5867647409450458,0.06342178697929376
NSW,2019-08-01,-0.990721376663771,0.5800591913568489,0.8444437070425507,0.3368276692871088,1564617600.0,0.7603691155574588,-0.7523691355374572,0.747586487992942,0.10516508399633998
NSW,2019-09-01,-0.2420756167764399,1.2208130501560497,0.4271231683119438,0.1590194328358429,1567296000.0,0.9081893761354213,-0.8677629798258494,0.8878368445177862,0.15331014383608552
NSW,2019-10-01,-1.111618347707204,0.8443976922892773,1.395292344689263,-0.094254583961284,1569888000.0,1.030920635213613,-0.936389520173122,0.7297565004425631,0.1729787988044672
NSW,2019-11-01,-1.0827584589267043,0.852038924713078,1.825550708740284,0.5974935530532037,1572566400.0,1.145580143551065,-0.9937265882848184,0.5966239920622881,0.1874379744946493
NSW,2019-12-01,-2.190119486045764,1.8697336128786688,2.284984145199058,0.2790927552876123,1575158400.0,1.2550029402499696,-1.0573186734995663,0.48118988106533445,0.20220643097923488
NSW,2020-01-01,-0.3459829858075749,1.1392444001108473,-0.3249002049106835,0.1760170275311168,1577836800.0,1.3710150846406168,-1.125881183919793,0.3453246989801544,0.21684441192750673
NSW,2020-02-01,5.122725961509941,-2.06366991994712,-2.06449228304487,0.1607195045152507,1580515200.0,1.486430228131902,-1.1822580179730267,0.17547704172922637,0.22924448321920823
QLD,2014-01-01,-0.772495648606994,0.1510900947652231,-0.0199955744933788,0.7021347364182353,1388534400.0,-0.42247476243884774,0.3375111182621339,-0.19681200380652564,0.33268120890933156
QLD,2014-02-01,1.364154345944803,-1.4500389496874853,-2.2840300159365228,0.1954712842142578,1391212800.0,-0.4078037658185499,0.27319674181139214,-0.17252350930840335,0.2529138452033408
QLD,2014-03-01,0.1693840006091464,-0.7463494299642761,-0.2852064199416055,0.1835872646244727,1393632000.0,-0.4022479128189477,0.2155122951865268,-0.14779950421704702,0.18504395509958543
QLD,2014-04-01,1.0235029683157255,0.1158852342396876,-0.3453389757017753,-0.2653729145219481,1396310400.0,-0.40607474182857733,0.16003798719683804,-0.12177389595531801,0.11377540778124125
QLD,2014-05-01,-0.1985672839150409,-0.2903461754962215,-0.0764188467402657,-0.0094105260231476,1398902400.0,-0.40688774442821923,0.11256542659769372,-0.09996025978479263,0.04935875464778676
QLD,2014-06-01,-0.4740943423701227,-0.0820816855876849,-0.0034571790829538,-0.0009822350280055,1401580800.0,-0.3609739894614775,0.01070268200139884,-0.05701167784693824,-0.004814179806846807
QLD,2014-07-01,-0.5149568440708892,-0.4737626612365062,0.4662049838767412,-0.0614112457489217,1404172800.0,-0.2835157620977173,-0.12138284357899558,-0.011541751244531257,-0.013465459090673336
QLD,2014-08-01,0.770414376839683,-1.0742426377673835,-0.5889191366658757,0.4852119817305231,1406851200.0,-0.17898102472473013,-0.2313929697425065,-0.05412114616161881,-0.003287905579260767
QLD,2014-09-01,-0.0136633878633021,-0.2623432405545216,0.3622308830213363,-0.0832215756108323,1409529600.0,-0.09056430158504668,-0.22422317224495603,-0.17546792616510684,-0.00820556598206222
QLD,2014-10-01,-1.4157993589282951,0.4893195798009095,1.5271692382577913,0.0805714044614789,1412121600.0,-0.052287280077228264,-0.12731270539446204,-0.2715261456085804,-0.024793194176138632
QLD,2014-11-01,-0.416149772530588,0.9660308095062576,-0.4538246743351948,0.126659130958572,1414800000.0,0.001133656820780353,-0.0272804740441969,-0.24438507524939487,-0.031075360518101693
QLD,2014-12-01,0.0299307992368564,0.0995903255595891,-0.9770606762873336,-0.2850866712250645,1417392000.0,0.049909246674055316,0.07032465416436375,-0.177267337326138,-0.03131253347858192
QLD,2015-01-01,1.696209571575582,-0.7672541813327598,-1.8891389542264427,-0.2577739848384319,1420070400.0,-0.0058579315003244575,0.18970046785986,-0.1402305910511251,-0.033975064424863866
QLD,2015-02-01,0.3583018510158071,-0.2740377740945945,0.4645021759664089,0.2618802227610528,1422748800.0,-0.131819625933253,0.3070809495006029,-0.05314937932444264,-0.03499211562398579
QLD,2015-03-01,-2.872514283246665,1.2060949579088636,1.6256410957181051,-0.0413044667893305,1425168000.0,-0.22417468689324263,0.3595945979547092,0.06197594306629888,-0.011535644790899477
QLD,2015-04-01,0.4882553912790557,-0.7509248794454244,0.0419292997003566,-0.0515825180252376,1427846400.0,-0.26141574521560007,0.3254861730735538,0.17294748635178372,0.04341036763553281
QLD,2015-05-01,0.2521514881051767,-0.3930581250357825,0.4535695548544964,0.0703606469603976,1430438400.0,-0.26076710805517683,0.20405256318798942,0.13752512376342935,0.07694146147304536
QLD,2015-06-01,0.0049914701863549,0.1074687715105255,-0.3465425307267526,0.2624207905971611,1433116800.0,-0.28721208142043125,0.07836547675637673,0.09442385006606928,0.08706033788390477
QLD,2015-07-01,-0.2436490990203894,-0.7812706105550901,-0.0641759390192771,0.2378453516958574,1435708800.0,-0.28210347414356457,-0.03871466882371753,0.08973725825271728,0.09995271308563353
QLD,2015-08-01,-0.0999701062923562,0.0898701195207714,0.1077706750945601,-0.2097450228774828,1438387200.0,-0.22291131420529825,-0.10071053256924618,0.08802263513402887,0.0998486440740394
QLD,2015-09-01,-0.142452582904729,-0.6526352809119337,0.3904938459842526,0.0665180650199013,1441065600.0,-0.20350377496851968,-0.10477973016813825,0.09629340873089207,0.07737004656085865
QLD,2015-10-01,-0.6614677840647715,0.1433065320353605,0.165672972527652,0.3091865772927007,1443657600.0,-0.19385255528894982,-0.15443204708717206,0.1315330676430798,0.03223662318666813
QLD,2015-11-01,0.5595836555277471,0.3131865682398,-0.0515506002611516,-0.1455464873384748,1446336000.0,-0.1254049303078509,-0.26914600292752666,0.14690039180608702,-0.015326636213614039
QLD,2015-12-01,0.4471939499205559,-0.9786130176352827,-1.605863543670864,0.1595040390750677,1448928000.0,-0.040842882073625936,-0.3350550273097784,0.09635648901156699,-0.051922445712434914
QLD,2016-01-01,-1.2823184798666802,-0.1775308114625318,0.192975931791981,-0.2587942068462769,1451606400.0,0.08211464774585073,-0.3452335992094232,0.023087158559420364,-0.08670844653448431
QLD,2016-02-01,-1.8418803383102536,0.6658731187163127,0.4253091209494002,-0.200001785259702,1454284800.0,0.21600246167549306,-0.33963232548674455,-0.036512401624903046,-0.11829777182754819
QLD,2016-03-01,-0.0701300552738972,-0.1023099913152556,-0.6764290077510786,-0.186665936017853,1456790400.0,0.2864252908078339,-0.28870353890997275,-0.10067159823104972,-0.12699364467631505
QLD,2016-04-01,-0.4856208845343656,1.0458501730297698,-0.0785030280279741,0.078672106174741,1459468800.0,0.27323059310816666,-0.07954796850178272,-0.23274955924897942,-0.11154797676858302
QLD,2016-05-01,0.0963107756051995,1.426121136358116,-0.276032595683116,-0.3205404178270421,1462060800.0,0.16331494620537615,0.20595007840220966,-0.3761149671900441,-0.07569977947533725
QLD,2016-06-01,1.9152505863009115,-0.2120133412033702,-0.5296684566526845,-0.0465993492636562,1464739200.0,-0.02513220526233597,0.4378886838485127,-0.46185592865491204,-0.05169629848914899
QLD,2016-07-01,1.2336735378043748,-0.4907728056520426,-0.751613291890802,0.0808217666537958,1467331200.0,-0.23312144839321647,0.5071138179632714,-0.3824558050196337,-0.04798345329978562
QLD,2016-08-01,0.3510106830711485,-0.7436917983031214,-0.6774264562979652,0.1031187468671563,1470009600.0,-0.4145754322935804,0.45866827485090556,-0.2474956275082703,-0.055107567237412516
QLD,2016-09-01,1.143506175726979,-0.999810970426342,-1.9403283706600831,-0.1476154730538508,1472688000.0,-0.4489324726826472,0.2833433866128827,-0.13523323747930532,-0.06391198622993156
QLD,2016-10-01,-0.8946739081643063,-0.8378592655247415,0.5483715348087159,-0.1190987115911257,1475280000.0,-0.35171698591860817,0.03272963430776302,0.016058930890305034,-0.08761201211980583
QLD,2016-11-01,-0.4303916557775122,0.2116811151063515,0.4049451920634084,-0.1770367748713939,1477958400.0,-0.15644224280907154,-0.21565520748580902,0.21590881699979483,-0.12377128012265413
QLD,2016-12-01,-0.8099292641457237,0.283437219365382,0.0766381796978556,-0.0735877284300183,1480550400.0,0.07645350859185937,-0.40292706347445906,0.33669333972051324,-0.15116857921894283
QLD,2017-01-01,0.8976279088419375,0.1284427068579745,0.4065884407783215,-0.1984071762772963,1483228800.0,0.23729756427534587,-0.4648824879127575,0.3160348095271231,-0.15247098452472455
QLD,2017-02-01,-1.1095247666912549,0.936592425440729,1.397846602661442,-0.1593944911180242,1485907200.0,0.26756784204529377,-0.4176846960983853,0.25613499959642083,-0.13925090228057524
QLD,2017-03-01,2.4554979125790464,0.7557270768750648,-0.0969005075383648,-0.3325524914576267,1488326400.0,0.27466884997319907,-0.3866510944932621,0.2322254140813634,-0.12659289257229328
QLD,2017-04-01,-0.4729529321106618,-0.9136948576035416,0.2938358138211612,0.1661729231266106,1491004800.0,0.3387436593784006,-0.38235368298377215,0.22077382120365724,-0.12021822845406652
QLD,2017-05-01,0.2490590360028257,-0.1074243293734262,-0.2884331352668994,-0.1150356270950294,1493596800.0,0.4387014912336768,-0.3979574583145356,0.21818844766774706,-0.11235697085628978
QLD,2017-06-01,-0.7366122716846157,0.2522897941538104,0.4501278396436401,-0.0131602372518679,1496275200.0,0.5487929998267026,-0.3821710622139728,0.2659122497389431,-0.09768638815336533
QLD,2017-07-01,-0.2091406571216817,1.1578224062366829,0.1224818467806194,-0.1575872572956655,1498867200.0,0.6763523175316558,-0.3929349623479386,0.3578960741661999,-0.08599181609938951
QLD,2017-08-01,-0.5695503466641572,1.3045762421413265,0.5806180950203057,-0.2093140856630002,1501545600.0,0.7960027847259685,-0.3539485436119133,0.38750053616670455,-0.08421661233992668
QLD,2017-09-01,-0.6029689192780769,1.6948952247067588,0.7830910234592103,-0.005782151712744,1504224000.0,0.7932444902777778,-0.35615408832073536,0.33081605969604816,-0.08491543702504915
QLD,2017-10-01,2.252022270184783,-0.1517756305784949,-2.041058210268041,-0.0636869953719325,1506816000.0,0.7574114602136575,-0.3687816238650419,0.2944804030069205,-0.07850973718172485
QLD,2017-11-01,0.6976848139355857,-1.8870592193861135,-0.8205764042088148,0.0246632766331895,1509494400.0,0.6075697221263825,-0.28853800779389793,0.231378329332145,-0.06094577322190432
QLD,2017-12-01,-1.368346662285373,0.3819725989908917,2.7751526116933185,-0.2894404989327972,1512086400.0,0.38950972952080737,-0.17210674993270655,0.10626061874356624,-0.034745798243681326
QLD,2018-01-01,-0.6485652054892324,0.6774125822006809,1.3278930930010695,0.030600454508384,1514764800.0,0.21590107505915176,-0.11455929571102276,-0.08011663963627759,-0.0058566006635516156
QLD,2018-02-01,1.3172891124780124,0.125775598896908,-0.0286454538705527,-0.091675366973289,1517443200.0,0.12418682865240457,-0.16351421564306193,-0.11116174648191554,0.022664479665184787
QLD,2018-03-01,0.3411642838903521,-1.1477730770919798,-0.5788264213982863,0.383800530977489,1519862400.0,0.046040932924477945,-0.21768155854093335,-0.01883269322836712,0.028540226591723804
QLD,2018-04-01,-0.5562231300362459,0.506853717117945,0.0851334752134,0.0693094114738301,1522540800.0,0.002333520338855136,-0.22513866963096435,0.05453553488439012,0.01975404075535053
QLD,2018-05-01,-0.407590531392935,-0.6232280955325143,0.1832234023429002,0.3736161939875506,1525132800.0,0.015898201696569206,-0.27887858977067226,0.13796708846942002,0.006897757643599611
QLD,2018-06-01,-0.7312652226851681,-0.0628327028572641,0.4295019137177025,-0.2026638191769247,1527811200.0,0.08318033238716792,-0.3629657048097082,0.23080633921403979,-0.005981156832385684
QLD,2018-07-01,-0.2608926569891088,0.5934493348408231,0.2302182672717219,-0.0998803272839978,1530403200.0,0.17390228923618845,-0.3523965355408195,0.2990477166945775,-0.028783811883002983
QLD,2018-08-01,-0.4580725558479287,0.447593952090628,0.5844095185498652,-0.1721698769089399,1533081600.0,0.2524396764610715,-0.25488084799160265,0.3464905236382833,-0.027208624503988435
QLD,2018-09-01,-0.3717720208679446,0.2118810211043573,0.3759320233613792,0.167779698349713,1535760000.0,0.32609504622772767,-0.10382909194261121,0.38461400064561224,0.021902664045537687
QLD,2018-10-01,0.7109724514196449,0.3471188823258657,-0.1911214408758219,-0.2090739146707876,1538352000.0,0.3471331917805634,0.02962485856349461,0.43360880749174024,0.10120546240698539
QLD,2018-11-01,-0.4200618796997555,0.3931001861836165,0.9222785285704412,0.1701677273488968,1541030400.0,0.30815390942413307,0.13761241414070924,0.4708785202376877,0.18469504234101705
QLD,2018-12-01,1.465880302836954,0.2984230448936031,0.2109203015279632,0.4433129389481651,1543622400.0,0.24712583033917046,0.22912109518285878,0.4677406352036441,0.24623906565674675
QLD,2019-01-01,-0.0035141794229636,0.4229589552355292,1.0729377278685313,0.3060117854073198,1546300800.0,0.13387206809636165,0.29350924503218445,0.4245745123907914,0.28294249931816257
QLD,2019-02-01,0.3463431750860976,-0.1371371951967432,0.595668423595523,0.5442259560870512,1548979200.0,-0.03396524556763764,0.2734121828778962,0.3449744812998351,0.2982189135922979
QLD,2019-03-01,0.2049228108686271,0.2262373922921803,0.1692615576912359,-0.0669852543172067,1551398400.0,-0.1826399317048134,0.2053441560384209,0.25174471853191877,0.28793652093726907
QLD,2019-04-01,0.7416426495676764,-0.8107482347205242,-0.2427174461546037,0.3398924861757377,1554076800.0,-0.2832524218459728,0.08666952413525382,0.15341224512114057,0.2519801017322858
QLD,2019-05-01,-0.3852464055910558,-0.7795759975829277,-0.2292311550317194,0.2268069026063028,1556668800.0,-0.3112507612936612,-0.025029615426343924,0.07874633699510591,0.20890034491114745
QLD,2019-06-01,-0.3076708243597297,-0.6861999222550139,0.152563257880276,0.1122155994904146,1559347200.0,-0.24873401122728123,-0.16149920210715404,0.08978885291956683,0.16617035948865624
QLD,2019-07-01,-0.2205498547872873,0.1957919128127336,0.0700624919418828,0.1113620402797033,1561939200.0,-0.10962009916749323,-0.321456475665594,0.18642547599137507,0.13684246881686687
QLD,2019-08-01,-0.4096529762308263,-0.1046866472890641,0.0586313002142766,0.095883978467314,1564617600.0,0.13426501864106496,-0.4827705962756703,0.34687897643350546,0.11073079699921448
QLD,2019-09-01,-0.6385713856167403,0.7741209354882059,0.8609562975226801,0.0333916952084458,1567296000.0,0.41288929434123467,-0.4998916735141615,0.4766799453779361,0.09013905786186806
QLD,2019-10-01,-0.7258693743403231,0.4731068725641804,0.612561861416598,0.1793749014496204,1569888000.0,0.5091322685781858,0.008606628557473878,0.42496519050924414,0.06768655718883464
QLD,2019-11-01,-1.1630123836037207,0.8306789529369922,2.1923568071463073,0.0221414870448413,1572566400.0,0.5497236019366302,0.45897088212626996,0.4160727431459708,0.04415862383739775
QLD,2019-12-01,-2.0599323953529387,2.2414028428734554,3.2693586785514164,0.1049789083071095,1575158400.0,0.5887638963662292,0.8702710097048281,0.4142418488227156,0.02121445693792336
QLD,2020-01-01,1.486814436991594,0.701827861153184,0.4544047683565217,-0.0840552259353653,1577836800.0,0.623026116131397,1.3132964051628326,0.406497055199652,-0.003545239045642648
QLD,2020-02-01,2.4547353284224744,-0.209745094028328,0.1967437106644247,-0.7228081470910581,1580515200.0,0.6410074427253571,1.7870040410900208,0.3904989546402132,-0.03058629758042212
TAS,2014-01-01,-0.8605428704566633,0.1571144808265678,3.016092297053124,0.0290311507108365,1388534400.0,0.26081990361735596,-0.3203561329169382,0.35571935692156453,-0.10333759949694811
TAS,2014-02-01,-0.0398488085768053,0.7183402489626686,0.6017982088595701,-0.2504485346123868,1391212800.0,0.3186305728106737,-0.3308530754492366,0.17016093447349184,-0.17088996261819306
TAS,2014-03-01,-0.2300042552068701,0.3984760476511901,0.0961990783410282,-0.3024154097301359,1393632000.0,0.3762960297531629,-0.34367585627707115,0.020801510938379685,-0.22798012443832347
TAS,2014-04-01,0.8509980581809513,-0.2215728577920899,-0.8410529660978483,-0.0765115962543738,1396310400.0,0.44378460525784347,-0.35476282548847576,-0.12771088452458218,-0.28552645337331095
TAS,2014-05-01,-1.2228214264358748,0.5320861857118028,-0.4300404615434363,-0.5916022677818961,1398902400.0,0.5052066517529299,-0.3598598299571213,-0.26298166883216517,-0.3326643598727122
TAS,2014-06-01,-0.6883880794939427,0.521166747490172,-0.423729666119323,-0.4246713883093606,1401580800.0,0.5596244037455148,-0.4025999963451953,-0.3964269679964253,-0.36667572688963185
TAS,2014-07-01,0.1797845160266433,0.760791079856773,-0.7621916846445469,-0.5006849954863232,1404172800.0,0.4876827860793657,-0.4451772864618802,-0.4491864142980605,-0.3001939863708145
TAS,2014-08-01,-1.0269629973374608,1.1186410591412272,-0.0286030122720486,-0.6760939156315828,1406851200.0,0.3076346262409982,-0.43457327956684144,-0.48216096554292415,-0.2073400480114528
TAS,2014-09-01,-0.5116522568472476,1.0631712311530244,-0.1743051618994382,0.2084940494587135,1409529600.0,0.08979586299698904,-0.35174582918460406,-0.5277686526167136,-0.11713278738556457
TAS,2014-10-01,0.2469763999470586,-0.570724444781657,-1.687619630277048,0.3761620201972046,1412121600.0,-0.16449878432340306,-0.24709819903570718,-0.553898187672539,-0.03277338238922578
TAS,2014-11-01,-0.5512832125979136,-0.7048372419590265,-0.4083738921335573,0.2183517476557801,1414800000.0,-0.52147701045579,-0.13873482865559497,-0.5484531829847872,0.045494643720824526
TAS,2014-12-01,-0.1541291805524371,-0.7708130239812796,-1.0155089324072009,-0.2940171205817687,1417392000.0,-0.8601473107059345,-0.025999873505598837,-0.5311902886480047,0.09261119599857444
TAS,2015-01-01,0.9459745762711872,-1.200871087120177,-0.6214100070943295,0.2371932282306099,1420070400.0,-1.022786833252541,0.023338139905398153,-0.4716753457248648,0.0843986503245412
TAS,2015-02-01,-0.4681991620288634,0.4001645715088422,0.6835704220393382,-0.2735600487336515,1422748800.0,-1.0632179367366092,0.02661888991317105,-0.36744599565814395,0.09088716605623169
TAS,2015-03-01,0.813972741133456,-1.961342703349356,-0.4021788018433039,0.6514317343173408,1425168000.0,-1.0651383432323969,-0.017312553532821177,-0.2889294483635458,0.12001224710010139
TAS,2015-04-01,-0.5963454850219285,-1.2867378940980565,-0.0834339184788195,-0.3848544533972333,1427846400.0,-1.0646869434942028,-0.14261013290307947,-0.2326298486508636,0.15042107991677808
TAS,2015-05-01,0.0996802875589306,-0.7543882276328464,-0.1303353924190098,0.5867259655913734,1430438400.0,-1.0019944883886114,-0.2896197873130757,-0.23452842791212955,0.14204216036961842
TAS,2015-06-01,-0.5495324989842278,-0.6837365822627834,-0.3180710481319541,0.2871258587144369,1433116800.0,-0.8091033696146037,-0.43253234680564906,-0.25185411539424085,0.07629844742436945
TAS,2015-07-01,-1.3003834882537195,-0.7201110068206038,-0.3788540359466496,-0.0641158373296235,1435708800.0,-0.5813741106988561,-0.5883830926011498,-0.20192886295744517,-0.01940246247395267
TAS,2015-08-01,0.0753078168381042,-1.0694332179831871,-0.627574538219859,0.1023197120801198,1438387200.0,-0.34812147728705317,-0.6977168603825475,-0.07254622793913838,-0.08556269561869895
TAS,2015-09-01,-0.9355213828902846,0.1922547371731138,0.121352117663104,-0.9555686375180974,1441065600.0,-0.11761692596990762,-0.7269799693289266,0.11236656637679321,-0.14120003735637646
TAS,2015-10-01,-1.51315276282916,1.48056683523129,1.920693733778272,-0.466796505148408,1443657600.0,0.08861172496096846,-0.6423480616778913,0.31705665218094853,-0.19039374369550963
TAS,2015-11-01,-0.3632158004010481,0.2589390638670359,0.6238142304717904,0.2604968489146877,1446336000.0,0.2940299582988871,-0.5073375846230401,0.4171775097875062,-0.20692310040234138
TAS,2015-12-01,-0.782517070573421,1.0069544178791716,2.9791638786527024,-0.0558314028951008,1448928000.0,0.45487399880698803,-0.3988618630018751,0.5305468223028025,-0.17796266072585346
TAS,2016-01-01,0.7360133795837469,0.4793898418821562,-1.1760793009597528,-0.4255107779205449,1451606400.0,0.5383952778482949,-0.24280433449073102,0.6355645731709875,-0.08500991996598067
TAS,2016-02-01,0.112338386445435,0.5222217237984985,0.8129549441650105,0.1027761385736152,1454284800.0,0.5330451031391521,0.012129280991436064,0.6439136622790915,0.031580847872199794
TAS,2016-03-01,-0.4156332626188883,0.4226839548430376,0.1704479262672915,-0.3840283129559383,1456790400.0,0.47068649793272005,0.29012216006988467,0.6109098124592892,0.14800318147719618
TAS,2016-04-01,-0.334832329716123,1.1543156312730003,1.4541660815211903,0.3457169751742013,1459468800.0,0.38405944395878583,0.49165912598797773,0.5189487079229667,0.28997547448964767
TAS,2016-05-01,2.1419379020777445,0.1080568720379435,0.515802856428917,0.9477433543379252,1462060800.0,0.3224269150860455,0.5541128373984072,0.41710561699180376,0.4006264328919586
TAS,2016-06-01,2.973729180811081,0.0634048770606785,-0.2985027462184106,0.5125956644576872,1464739200.0,0.26645721414048035,0.676880334712374,0.2922893503579142,0.45878322071778554
TAS,2016-07-01,0.9203123037591469,0.1153449421942571,0.363200020424582,0.990914405945486,1467331200.0,0.17666025854302816,0.8914513858946019,0.11515245101428612,0.5020296869998244
TAS,2016-08-01,-0.2708364226898107,0.2862002547788531,0.2317933010919937,0.0417432976253477,1470009600.0,-0.0021758108125779097,1.0060038916773497,-0.1130715107839345,0.517889704325401
TAS,2016-09-01,0.9086385335432942,0.3414238090420767,-0.324057406146423,-0.7786944444090098,1472688000.0,-0.1722914931529672,0.8955866450873226,-0.2889770282540829,0.4786831239873179
TAS,2016-10-01,2.23838252543645,-1.616491101927826,-0.7688730864982531,1.089609024805493,1475280000.0,-0.3073872161328253,0.7380192233934628,-0.4169735957222398,0.4344416901861698
TAS,2016-11-01,0.9623172379597316,-1.3681964842400092,-0.9359227253591484,0.5307014057613406,1477958400.0,-0.4918606853487684,0.5950190499010073,-0.5268629843561347,0.4041116083625305
TAS,2016-12-01,0.2024329729009948,-0.5798028293566126,-0.5257737557558819,0.2498275832800027,1480550400.0,-0.6837335015389465,0.41702732926010083,-0.5518295577275709,0.36969616802058625
TAS,2017-01-01,-0.1132002801120475,-0.6912376284735124,-0.5656291986871657,0.4687454364251175,1483228800.0,-0.692596228771865,0.14968170224142988,-0.487170130072748,0.22637747982391868
TAS,2017-02-01,-0.1742602869135179,-1.2948253441899915,-0.7133887616341354,0.4036529823804304,1485907200.0,-0.5413055745477838,-0.14195842333488243,-0.3623663601601167,0.01126220686882368
TAS,2017-03-01,-0.8117270210266903,1.5273405739122197,0.359931797235026,-0.4948321033210305,1488326400.0,-0.41267592669006237,-0.3655224240656564,-0.21855150811210425,-0.1466781517661966
TAS,2017-04-01,-0.1156874788313502,0.4009813542688824,-0.2753101089550007,-0.4275687391115194,1491004800.0,-0.31680024986489125,-0.5191328075798756,-0.042504413439106825,-0.2902823205360904
TAS,2017-05-01,-0.5362715811304892,-0.235497270609807,-0.0093663557315393,-1.0677509598268389,1493596800.0,-0.20316168505726165,-0.5143305941187691,0.10927297061755316,-0.3800414509333319
TAS,2017-06-01,-1.5334827229762646,0.1525372026134785,0.4387946064304975,-0.0652049950534845,1496275200.0,-0.1128631890677278,-0.3836167978501997,0.19319768129753448,-0.369157117005668
TAS,2017-07-01,-0.7635633824336141,-0.3911832975753526,0.5665825089038492,-0.8115337039734065,1498867200.0,-0.08693606740327095,-0.2646642481539401,0.22799222280600348,-0.2935460891737758
TAS,2017-08-01,0.4969175996774595,-0.2330319343160791,0.5177748679122995,-0.0635193751857121,1501545600.0,-0.05353029936002016,-0.18125635311236632,0.24863321109480718,-0.22375604236733423
TAS,2017-09-01,1.0815330156342902,-1.34520169311536,-0.5810859775750039,1.0757214933434067,1504224000.0,-0.08722222482986972,-0.04410844310720238,0.15706190389444494,-0.1440941284181841
TAS,2017-10-01,-0.042896651436058,0.5537185508073817,0.4086614757137425,-0.0636842796130432,1506816000.0,-0.1376588617857791,0.0817884724749771,-0.05926341035178736,-0.08559420779596959
TAS,2017-11-01,-0.9199952207442992,2.4157127333574984,3.7434240443465754,-0.7894969113480536,1509494400.0,-0.1576653291321771,0.14697659136389757,-0.2623806021820121,-0.03038994431137331
TAS,2017-12-01,0.9602516392943125,-0.4845744918711645,-2.189328347785242,0.4883123613103181,1512086400.0,-0.15341038849209504,0.14751533630505032,-0.3730947062850241,0.0022184309077683964
TAS,2018-01-01,-0.6597769953051622,1.288542475007162,-0.665232246384317,-0.3137079243050484,1514764800.0,-0.2286415563634283,0.14680041883956363,-0.44733181932064464,0.05711915794806752
TAS,2018-02-01,0.5562527655660625,-0.3716043535877489,-1.4100318376592431,0.0118074208429392,1517443200.0,-0.2889532527574752,0.1551258465896939,-0.5635284460021055,0.1298152195503419
TAS,2018-03-01,0.6691396278450567,-0.4198664034474717,-0.2243999999999992,0.5314578919726304,1519862400.0,-0.23478981280154848,0.15730306588855972,-0.4560806790070651,0.16845238929007214
TAS,2018-04-01,0.1771644157212501,-0.0819648893250715,-0.2546115752040432,0.5442544888055911,1522540800.0,-0.13219639895523586,0.1787654961037941,-0.22344047321641894,0.1960396332218706
TAS,2018-05-01,-0.4647077821982699,0.3373409491457675,0.0539134555072564,0.1249004553014687,1525132800.0,-0.06016174535740039,0.2244746589917375,-0.0430426607680694,0.249862797026194
TAS,2018-06-01,-0.1808519574606899,-0.0954202056630819,0.5933655719759257,-0.2964936226368424,1527811200.0,-0.018183743607006784,0.17041989957309664,0.12549899848177704,0.2745538746182656
TAS,2018-07-01,0.9513454974472042,0.2264380127872449,0.2077714489960111,0.3839736761003882,1530403200.0,-0.001046102140116792,0.06682791710260899,0.23955783740423112,0.21348074879265128
TAS,2018-08-01,0.739762793141419,-0.1280322373759155,-0.0968610767881799,0.5959644957820318,1533081600.0,-0.02161288096316948,0.05148870835993542,0.3015514371783836,0.11885022520415993
TAS,2018-09-01,-0.5721021569383331,-0.2461928758456561,0.9572664033773693,0.4561832320888079,1535760000.0,-0.03242759705993538,0.05268887023375985,0.3285074915622122,0.05941509183725945
TAS,2018-10-01,-0.9432994451580065,0.1616861249912808,0.1388135494464499,-0.9388403924558189,1538352000.0,-0.02005877152560914,-0.042343099551296934,0.352705380656358,0.042376837684435884
TAS,2018-11-01,0.8487894580087314,-0.5335155893402436,-2.810490750371109,-0.2442229337634884,1541030400.0,-0.01745221521861076,-0.1505534138749412,0.2941709580478979,0.02761416817414949
TAS,2018-12-01,-0.0489831821580963,0.7637130882044225,0.3290109072001605,-0.3011540264480547,1543622400.0,0.004624039827184017,-0.18073188420169278,0.21726409556394535,0.031165869592456926
TAS,2019-01-01,-1.6198399014778326,1.9879370819511415,1.382700591984026,0.281289215226959,1546300800.0,0.0483263356574668,-0.1503068903849182,0.16110972995523423,0.1098360763078514
TAS,2019-02-01,0.8255150904705514,-0.3029507841326193,-0.909531618777013,0.6549133119220957,1548979200.0,0.08769691162595894,-0.18097107567588722,0.14034426985383003,0.2141821167354703
TAS,2019-03-01,-0.5937449589351101,0.297468398574928,-0.2025566820276445,0.1602468607148734,1551398400.0,0.11278679793910111,-0.24299867758517307,0.13046049456842163,0.2727226057782623
TAS,2019-04-01,0.217859712244768,0.0915847665254574,0.4121375100926201,0.8755012050529895,1554076800.0,0.11375606948166639,-0.23509229292682493,0.13041403076558372,0.3318970513952054
TAS,2019-05-01,-0.8929912395139854,0.2609922929575621,0.2066998159745443,-0.3775032324287064,1556668800.0,0.11958697487424927,-0.16855326426144926,0.19497455556879423,0.3847466324914459
TAS,2019-06-01,-0.3820931842752939,0.0368343698534747,0.3456939253019806,0.1409363906800971,1559347200.0,0.10984765037073896,-0.15061948737080208,0.31894025968649325,0.4001390371885732
TAS,2019-07-01,0.2580435470765323,0.2958889931793997,0.437439651760993,0.647961956911173,1561939200.0,0.07387367238007594,-0.14756695281240334,0.38752326000332743,0.3952435356510042
TAS,2019-08-01,0.2852682315754409,-0.089172894347147,0.323314038419193,0.9363055096069104,1564617600.0,-0.01851381059258861,-0.10905086180835115,0.35931188443218404,0.43822267207734
TAS,2019-09-01,-0.1048103176828281,-0.1215084813320146,0.8380092605202502,0.3775837434342852,1567296000.0,-0.16419791807976233,-0.0815364284833276,0.3014184464689031,0.5185114219709122
TAS,2019-10-01,-0.733596555558778,0.1961504227388317,0.461375761428016,-0.4141144774986385,1569888000.0,-0.3389538200725103,-0.09013439247223272,0.14335248060864222,0.505892000791857
TAS,2019-11-01,0.6130367610253069,-1.46792986794366,-1.008604817147237,1.1685349441527784,1572566400.0,-0.5368274790552162,-0.05901391359615374,-0.06383635814111621,0.4787143428544495
TAS,2019-12-01,-0.6587703790543114,-0.7862200007254998,0.6675222413526213,0.7203572918885798,1575158400.0,-0.7329814596589806,-0.025062147090631384,-0.2643382749764404,0.45600691366570073
TAS,2020-01-01,-0.3837062256809342,0.0633737947473918,-2.5134653066334884,0.1969045501360673,1577836800.0,-0.9387162616397903,0.00970190486242224,-0.47399711535850175,0.43322458038844947
TAS,2020-02-01,0.6977459718851946,-1.379187799314888,-0.9225084949296692,0.3330346932888215,1580515200.0,-1.146521709472231,0.04929349134173853,-0.6905140286377183,0.4067175322998768
NT,2014-01-01,1.0523985239852287,-0.3524177106968267,-0.900852682824258,0.531043948671972,1388534400.0,-0.7292885950901984,1.4344642562950813,-1.2989629784241794,0.3954410311597067
NT,2014-02-01,2.2933746363070417,-1.7175065359099122,-2.568751739919577,0.6053866445544016,1391212800.0,-0.6944117955384943,1.1697288272354347,-1.0393517060170168,0.3154698123780407
NT,2014-03-01,-1.1413511804290333,-0.6102367405430513,0.5155711009334922,-0.1240172409263791,1393632000.0,-0.6699328501898133,0.9368771794103827,-0.8036110946141235,0.25114800416947736
NT,2014-04-01,1.1858295683001026,-0.5135717181775731,-1.2635598915141628,-0.1931940888786956,1396310400.0,-0.6478684647544767,0.686077013302301,-0.5397954019033198,0.18355785986041076
NT,2014-05-01,-0.0054689489573621,0.1663199341421268,-0.1524902091621314,-0.1701834790224725,1398902400.0,-0.6187716821185995,0.4467746221450733,-0.28391539318882436,0.11329429654334494
NT,2014-06-01,-0.0533274332147465,-0.808735974633624,0.0889928118908649,0.3565712001650833,1401580800.0,-0.5468171921245368,0.16403364727849978,0.0047238344109914576,0.03758020771299625
NT,2014-07-01,-0.0268050045167719,-0.8114524947736008,0.1423245716242398,-0.0175222929865923,1404172800.0,-0.43800135651963945,-0.04544506750403157,0.25140334247680407,0.04282902870162726
NT,2014-08-01,-0.0652023885434933,-1.1791625650773907,0.7726598503288677,0.4311361855708799,1406851200.0,-0.3398149013018275,-0.24156394341244944,0.35568716578500553,0.05344244843541365
NT,2014-09-01,-0.4362912292143345,0.3058383022131607,0.9271729886068591,-0.119297935514175,1409529600.0,-0.24934543142776316,-0.39711043025794396,0.29815593183485734,0.038205000033037936
NT,2014-10-01,-0.5588519750542877,0.2387061985177894,0.9739230536677644,0.041768554337509,1412121600.0,-0.1387177611363988,-0.5131337939478076,0.17552568638052385,0.011624239829165653
NT,2014-11-01,-0.82983542974743,0.2098453365388977,-1.207161738668599,-0.0073944788227602,1414800000.0,0.005369653429000778,-0.6501031948354137,0.12527715995672872,-0.005531554393347086
NT,2014-12-01,-1.0012401638184478,0.0539032211331687,-0.4421159504402467,-0.2461732068708402,1417392000.0,0.09759045943152948,-0.7832909034667473,0.1022531938164769,-0.0041302462806309635
NT,2015-01-01,0.8820698854875743,-0.8401936799184782,-2.2677548480879324,0.1863540483473813,1420070400.0,0.06132217746696671,-0.8683759357332173,0.07505895010349027,0.010945900120794792
NT,2015-02-01,-1.610133239186171,0.8472521911537712,0.2854376539265253,-0.1205586662967066,1422748800.0,-0.02931818209044256,-0.8486238807004421,0.12405656373255634,0.01805924778508583
NT,2015-03-01,-0.971674725012027,0.4595910780670493,0.5907425155403416,0.1856573959913756,1425168000.0,-0.08224662253804257,-0.7673688603870964,0.2610626780977748,0.021625134837075337
NT,2015-04-01,-1.2145403024626915,-0.676031141160017,0.7440890145347758,0.1383927549601544,1427846400.0,-0.12369245518914843,-0.6449003877281588,0.37424664012464026,0.026913805932863036
NT,2015-05-01,-0.1521044510109737,-0.549680396870631,0.4941173671180507,-0.1282477896505227,1430438400.0,-0.18608786138058125,-0.4892798922489889,0.37212241585383576,0.021282401454330826
NT,2015-06-01,0.192358682575725,0.193462701107375,-0.0168403179422753,-0.0511692883779404,1433116800.0,-0.28579071068529094,-0.3202542878816294,0.3324299793618543,0.01374304722611445
NT,2015-07-01,-0.0367408762569465,-0.7452290070394447,0.2554091570977874,0.1038406299875829,1435708800.0,-0.30297499350052565,-0.21846650491373612,0.26702823600885245,0.008819563125224885
NT,2015-08-01,0.0002397933429348,-0.1034035617921844,0.0277617633345386,-0.0755043704750151,1438387200.0,-0.20147295550909375,-0.2265207124545605,0.20397215940214752,0.018076124087026434
NT,2015-09-01,-0.3301494706206897,-0.5487943655245145,0.6267730511923552,0.0332629532825583,1441065600.0,-0.045198932807983344,-0.36265261587820247,0.19537970612182148,0.037381978984124126
NT,2015-10-01,-0.4346624980552242,-0.0658208158411355,-0.2035267083000924,0.1098425681040708,1443657600.0,0.20293073303122375,-0.579812179460638,0.31189088753083055,0.024235213205917074
NT,2015-11-01,-0.9690858122649216,0.9109726222238947,0.2738202433133842,0.033863570195336,1446336000.0,0.4988644627861372,-0.6512130568606842,0.472688647042169,-0.013483755069812304
NT,2015-12-01,3.5121830406837287,-1.288812956375267,-3.1161433790696833,0.4212186391484071,1448928000.0,0.7437012647984317,-0.6200540559424201,0.4717879136338962,-0.04238373302652789
NT,2016-01-01,-6.435616816379106,1.5697028781752422,2.4260272644967067,-0.3205290776059883,1451606400.0,0.9659094167597295,-0.6582244602623355,0.40170098489951045,-0.06988502324241694
NT,2016-02-01,-3.5536554567763083,1.6505550751937363,1.4424366707717553,-0.2110904000063285,1454284800.0,1.1376877611798966,-0.60838166201038,0.3694943316185393,-0.11464747984967995
NT,2016-03-01,-0.3132474750768485,0.7573131303333867,-1.2537193535548887,-0.1307874057625704,1456790400.0,1.19996052130349,-0.5521563684528855,0.36964574038631687,-0.15831452176588107
NT,2016-04-01,-1.4652738626654616,1.4033949352918853,0.5405845100302251,-0.0145624122846133,1459468800.0,1.1006723678722716,-0.3631996626995827,0.12092351227325807,-0.16627537452129798
NT,2016-05-01,1.108405038590994,0.8901998005005324,-1.1616761735682175,-0.2593806002204264,1462060800.0,0.8910105682751063,-0.17088341365788415,-0.15778585451744745,-0.13969990217300102
NT,2016-06-01,0.1141470669892511,1.512836793995621,-0.1376090399609637,-0.4523212491622503,1464739200.0,0.625727838688075,0.04984949139729564,-0.39363408477152795,-0.11808514904000494
NT,2016-07-01,0.0956467698597162,-0.056327788407966,-0.2512630482536941,0.0837702471047041,1467331200.0,0.3551201663560851,0.25214653749419574,-0.5047560188296875,-0.10677835013453883
NT,2016-08-01,0.115349346539029,0.1094008038692457,-0.6744352258713917,0.0013575176368734,1470009600.0,0.07287625283860805,0.41155567831878664,-0.5135046537685528,-0.09169868034690015
NT,2016-09-01,1.4361109152486864,-0.4765768570782924,-1.8512416697337315,-0.1241014292526929,1472688000.0,-0.19311663488367162,0.5288290557792853,-0.47992081181009366,-0.07320046286360056
NT,2016-10-01,0.3546949272388879,-0.9298946609121472,-0.4035165192913119,-0.0074003598023559,1475280000.0,-0.4035173022480048,0.6266175499199113,-0.41956040094484354,-0.07476762355535363
NT,2016-11-01,0.2895746569841426,0.0327323702657693,0.6183463103640428,-0.0796454052966102,1477958400.0,-0.5428085371355098,0.6978753775008112,-0.32845671182923764,-0.09166398918125412
NT,2016-12-01,2.4438407849449515,-0.9791749337641632,-1.0943530077645889,-0.1588626035546671,1480550400.0,-0.6150897217715029,0.8098932743588567,-0.21586636626661926,-0.10114774391545754
NT,2017-01-01,-0.2791708190804627,-0.550812152203413,0.7280515410121282,-0.2074843025402475,1483228800.0,-0.6464505982540938,0.9032307901342319,-0.1493435860992772,-0.09215725694655097
NT,2017-02-01,4.064226832819454,-1.0305711947626437,-0.0456864729317878,0.0075131698773169,1485907200.0,-0.6291881894659841,0.8344401926036562,-0.13029556138151618,-0.0717473951389102
NT,2017-03-01,1.3773882706943177,-0.2287426593393533,-0.175448272021363,-0.2396009145452442,1488326400.0,-0.5725835129536659,0.7293049165230857,-0.12248018845455634,-0.04219837638335326
NT,2017-04-01,2.654353279341489,-1.3645666115805994,-1.129506860028311,0.242279156369539,1491004800.0,-0.3885899852190804,0.5885649475909401,-0.11369842366011121,-0.016838611892321557
NT,2017-05-01,-0.4360833812793427,0.1301940537300581,0.4482310171994825,-0.0629149786447742,1493596800.0,-0.1333030180227615,0.4576462576551539,-0.12484138237181358,-0.007524997769757393
NT,2017-06-01,-0.1155723602553302,-0.5780861216255814,-0.0552093903113508,0.2400751862051442,1496275200.0,0.11215914263023036,0.23192591250502073,-0.10682643439471237,-0.007859247725667732
NT,2017-07-01,0.0447215879373899,1.1511859479574582,-0.2496719410174606,-0.0752309153480745,1498867200.0,0.28526885362550614,0.052868782730440884,-0.06778341260080058,-0.01594757225448977
NT,2017-08-01,-0.0567053297199639,1.2026932418607643,0.1309178691591128,-0.1992303948865266,1501545600.0,0.3934904548217891,0.08324527776096764,-0.044492938886502534,-0.045207991224706034
NT,2017-09-01,-0.3791383386476342,0.536808639065839,0.1021639795979041,0.0112185546441989,1504224000.0,0.4329229676298021,0.2814919664275602,-0.06508260872323468,-0.08178767693491135
NT,2017-10-01,0.5529635994355885,0.3102960277890574,-0.4061815670820045,-0.0850436727367291,1506816000.0,0.41001093301351854,0.40641480606642677,-0.06884009161170358,-0.10608810777631718
NT,2017-11-01,1.2313392252997706,-0.9832526513708189,0.0862777343492986,-0.1245987300952422,1509494400.0,0.2970455863343651,0.2707972339439613,-0.004102698555724198,-0.11283923687400116
NT,2017-12-01,-2.6453078410769164,0.6603598678251216,2.8466800654424347,-0.3108131557233893,1512086400.0,0.17776710713330926,0.1997735867944213,0.08600979271625445,-0.1069067146226663
NT,2018-01-01,5.148413704250853,0.0966809610298256,-0.4076183283606624,0.047060930469839,1514764800.0,0.13524042983255197,0.1192336267792698,0.20229774654810503,-0.10475835003851976
NT,2018-02-01,-1.127906186706345,0.2510282336727556,0.7924826642599214,-0.2789746384955695,1517443200.0,0.11192092289634242,-0.03458127535495995,0.3132717772362509,-0.09642961522777792
NT,2018-03-01,1.016443794320895,-0.3846682009707862,0.3705344544116506,0.3107563381597131,1519862400.0,0.0755204549715289,-0.3090697402680136,0.38532389094727815,-0.08846941125876295
NT,2018-04-01,-1.0619930295593667,1.1719702668673904,1.0278818073275602,-0.1806743232980929,1522540800.0,0.03232169635663654,-0.3820325680514194,0.399703530737267,-0.08089885557869664
NT,2018-05-01,-0.4324715802153123,-0.5892240120163378,0.3404978001114003,0.599683930423693,1525132800.0,0.01853443714089318,-0.30037128823617104,0.35080108265234194,-0.07897324186500156
NT,2018-06-01,-0.1323928940243934,-0.3085796813200794,0.119078897976955,-0.0833749642704346,1527811200.0,0.02649330910820755,-0.25102088267680894,0.2615073572060826,-0.06899755827266853
NT,2018-07-01,-0.0767009513430062,0.4182695609805691,0.1010865594185048,-0.090710346746393,1530403200.0,0.046692187042314676,-0.20624963771835783,0.16756626332994748,-0.057529663436873636
NT,2018-08-01,0.0055724780069002,-0.0516079571799998,-0.2586077298548303,-0.1575440776622381,1533081600.0,0.10335432911479707,-0.13125240194510654,0.1300006914178711,-0.02436306363262234
NT,2018-09-01,-0.3231886403883117,0.1531157887063372,0.2008306462645528,0.2038379008716599,1535760000.0,0.2827805476447377,-0.15217525978005053,0.2547999130116989,0.028215228970243048
NT,2018-10-01,0.0649607896160088,0.4472765808798229,0.0359069986306792,-0.0576274973846975,1538352000.0,0.5447823234741243,-0.3232271972323559,0.5472557310195713,0.09188958464052176
NT,2018-11-01,0.2402394069940743,-0.1545682841080378,0.2359463694395067,0.1838361114700539,1541030400.0,0.8088615185074031,-0.4568835018238663,0.8685740201566446,0.16775575323503225
NT,2018-12-01,-2.7168479004703547,1.620608545457138,2.2857731328688224,0.2445484310604588,1543622400.0,0.937854762830423,-0.2999836141361744,0.8918546710002774,0.23194693310723852
NT,2019-01-01,-2.848700377113671,2.229699941551239,2.9680735291018756,0.276592641739549,1546300800.0,0.9220527510306452,-0.1544799951778448,0.7942820950636482,0.28214655904792085
NT,2019-02-01,-4.233492049037093,1.817257476566006,3.338323986737983,0.6679022598736597,1548979200.0,0.7845324962517543,-0.1417296138548135,0.7177144460330752,0.32345027862660436
NT,2019-03-01,0.0326308693959411,0.7700589759392713,0.7226772728783821,0.2638120532568866,1551398400.0,0.5540404399645054,-0.1011820337744958,0.615302968832861,0.3416438952097617
NT,2019-04-01,0.8521197932849911,-0.5533204592933245,-0.7262058227980644,0.3794895628518277,1554076800.0,0.18948758968724339,0.16046337529764335,0.2877587740843951,0.3321165195340392
NT,2019-05-01,0.4942100612116393,-0.8388646419047417,-0.4426495407778432,0.3722719599557797,1556668800.0,-0.17683296523258313,0.22118363607218292,0.01201245047651828,0.30636045213331037
NT,2019-06-01,-0.1256273691009738,-1.0369067957479636,-0.1808966016019333,0.3008910881142568,1559347200.0,-0.42739658402001,0.13195271014481533,-0.05757402197268212,0.2812047575952743
NT,2019-07-01,-0.0890102694047403,-0.1057915198873509,0.2535451470383449,0.0282017715300932,1561939200.0,-0.4681096394811743,0.006879070709014296,0.005617498139311694,0.25891921136503104
NT,2019-08-01,-0.045773707355161,-0.5942209386180827,-0.0580066319868599,0.2348534033765736,1564617600.0,-0.29974680487159394,-0.17459471495827084,0.2525567363641112,0.2237234643104567
NT,2019-09-01,-0.3881170701391941,-0.6922247547248261,0.1959657813997388,0.4129912432384181,1567296000.0,0.005273294538872059,-0.37840551716201654,0.630994642856208,0.19016860033276536
NT,2019-10-01,-0.1047649971239844,0.5545006025527712,0.460585145914603,0.129706231499846,1569888000.0,0.32294423996151167,-0.5469843621240221,0.9963872704028011,0.20724809908827668
NT,2019-11-01,-1.12381895328357,0.6232165511221055,1.9180364920530764,0.0925210892727999,1572566400.0,0.6006867801638698,-0.6480753272605916,1.3008705776117615,0.23959170084232065
NT,2019-12-01,-4.423283029375543,2.8542056160123224,3.4664456758630746,-0.0184660741770219,1575158400.0,0.8775416072331016,-0.7540348683840993,1.6110067140886073,0.26957599162019663
NT,2020-01-01,-1.668796620739327,1.591166386434452,2.3138562136432483,0.3317236345725973,1577836800.0,1.171565398720534,-0.8707861820908569,1.9450214870228488,0.30130606532941584
NT,2020-02-01,-0.100936813324215,0.7981377959522433,1.2175019692792368,0.5607673296615086,1580515200.0,1.4649752276758798,-0.9873019624023374,2.2777788730654027,0.3376085424321239
WA,2014-01-01,-0.2896809381902274,0.6377834426672706,1.4543114924139433,0.0641035730738845,1388534400.0,0.5711469608698231,-0.23114964332855398,1.061490236974395,0.05687811649686387
WA,2014-02-01,-0.0321788165450454,0.2506750462524465,0.6445987518727953,0.2666780303654467,1391212800.0,0.48763455010751955,-0.1743121919914333,0.83712638003617,0.019755735981850688
WA,2014-03-01,-0.8070439311378641,0.947613113003836,0.6029565329576023,-0.1423876005196094,1393632000.0,0.4223956451658086,-0.1289021639487528,0.643852597120944,-0.010446844291925135
WA,2014-04-01,0.2001033770272477,0.4934895438062447,0.4479117532222787,-0.1516550437701762,1396310400.0,0.36955732920330103,-0.0868705094350473,0.4389315224335416,-0.042136278038609934
WA,2014-05-01,0.8364093526724203,0.0056110848565644,-0.9218848713447798,-0.1845701219025923,1398902400.0,0.34136812444463827,-0.048537180402370705,0.24816161188951946,-0.07397856016997265
WA,2014-06-01,-0.2390860396877219,-0.4343466535573838,-0.025360894574117,0.2621847058995596,1401580800.0,0.32497712422713765,0.004894321202478172,0.06588167149905924,-0.10726877276587918
WA,2014-07-01,0.1888711606988886,-0.3095735450180576,-0.1708574613606685,-0.099501192995508,1404172800.0,0.3635164041475466,0.0351445224004042,-0.03493140939011218,-0.1063597756664413
WA,2014-08-01,-0.577470203450179,1.5327989753037876,0.3013594039823388,-0.278772976698101,1406851200.0,0.3625608066144606,0.025728197940255205,-0.06856640243299282,-0.10169550857698986
WA,2014-09-01,0.2267048263700668,1.1528918984348486,-0.3834527305283366,0.0264875831621358,1409529600.0,0.3882504393567159,-0.013248334674485438,0.024190521172673857,-0.10345779498218302
WA,2014-10-01,0.0636754732318791,0.5729155845324562,-0.0203697781879093,-0.117207617329436,1412121600.0,0.4339204577405284,-0.07034814179235276,0.132256124101637,-0.10160415943565441
WA,2014-11-01,0.2476456341256799,-0.2883379292854293,-1.4841372522055458,-0.1691184728490666,1414800000.0,0.37954661800330997,-0.15226749845840293,0.12835755814989433,-0.09173300372366482
WA,2014-12-01,-0.2396066086082164,-0.1370531958197496,0.7470834339688678,-0.0803795524117978,1417392000.0,0.16635919101035052,-0.16845599907301945,0.06642531696809474,-0.08019041775752195
WA,2015-01-01,-0.8603972203853911,0.6380396469992888,1.0109593520389597,0.0309627275863864,1420070400.0,-0.13028210122060505,-0.1229409091337256,0.02383297218006728,-0.062011995230536646
WA,2015-02-01,-1.0883570324373126,1.8878887162129985,-0.246473906093577,-0.1347729354908535,1422748800.0,-0.3354147962784159,-0.11392256478591098,-0.02661698525425189,-0.037036651075591655
WA,2015-03-01,0.7596029645515266,-0.7012769816485864,-0.4639442347793547,-0.0750444965044412,1425168000.0,-0.37304335604727556,-0.1326654187256862,-0.1469873391136997,-0.02831900625394621
WA,2015-04-01,0.5067699581162095,-1.691482277982125,-1.050444077454694,0.2892581564297311,1427846400.0,-0.3886701119985287,-0.10981743699992941,-0.28422079369875763,-0.042543168715193036
WA,2015-05-01,-0.0641634909829798,-1.225760481491502,-0.1415133623579087,0.0202951435852498,1430438400.0,-0.4159842562418219,-0.05444435302750783,-0.3432869962891843,-0.06446734233787707
WA,2015-06-01,-0.2347682894063398,0.9165022193057126,0.0274513693197366,-0.0690983941852612,1433116800.0,-0.26397584963124154,-0.08252904255064568,-0.2725423435458879,-0.08207917029689167
WA,2015-07-01,-0.434846248889003,-0.0555901036654233,-0.6714348495126571,-0.2675539366861698,1435708800.0,0.0662246173634188,-0.16736756747074857,-0.13610215186128935,-0.10615900711258226
WA,2015-08-01,-0.1793572591646841,0.0799312445234221,-0.2888493117081605,-0.2138357500669227,1438387200.0,0.4038989626366257,-0.21434171095359944,-0.0032007904571955703,-0.12560675400393467
WA,2015-09-01,-0.3046819430874457,0.8056233433156059,0.9302894865405592,-0.0749904524761539,1441065600.0,0.5522168736846613,-0.21123074080239887,0.09621167008345977,-0.11642749504298153
WA,2015-10-01,-0.189213717356527,2.054398140441048,0.2433725531003574,-0.2295416667710741,1443657600.0,0.5482782135029884,-0.20526780933365069,0.2167602266657049,-0.09690187820709034
WA,2015-11-01,-0.0020031846562386,0.9407407321661054,0.3032769674179363,0.0221341056306787,1446336000.0,0.5451175304799745,-0.2142198027384309,0.28776602569631954,-0.07410579049122583
WA,2015-12-01,-0.0664463056943713,0.0407717706061738,0.2908631632667884,0.1780486207279174,1448928000.0,0.5072158905481141,-0.19456632181880712,0.18300189370615286,-0.04482377875803898
WA,2016-01-01,-0.4591028477399494,-0.3663000745922744,-2.2376092039795132,-0.1938344698101515,1451606400.0,0.3646912937480663,-0.12795330005750585,0.058142116600539744,-0.014308983934980445
WA,2016-02-01,-1.2954127217511853,0.7883050978061803,1.3734263384797458,-0.0841547450436071,1454284800.0,0.16585383098628192,-0.04125148831506275,-0.03536652060956959,0.0008941930858188397
WA,2016-03-01,0.1287252577037874,0.0284347443517916,-0.54890019016646,0.1263804859308281,1456790400.0,-0.0011528775495219924,0.046077954112621555,-0.11871033970330479,0.001157085184568675
WA,2016-04-01,0.2199851668575514,0.1275129448840779,-0.3477510570853947,0.0989111092643559,1459468800.0,-0.16013277821511865,0.14672781278215175,-0.2247201314947381,0.013067427591123771
WA,2016-05-01,0.4693945591710835,-0.2933828649763157,-0.0637526622576398,-0.0768344073113347,1462060800.0,-0.35680749404342776,0.24859233854650428,-0.2615797542457892,0.038709119209265994
WA,2016-06-01,0.7039365835406801,-0.9316284008641098,-0.3940091413369462,-0.0368333856272768,1464739200.0,-0.633045253873805,0.2960880572673322,-0.26272460989903074,0.060164946989030826
WA,2016-07-01,0.1216952979231584,-0.8297318249589942,-0.0219735843862736,0.1986673505131184,1467331200.0,-0.8667302611265875,0.2788867109675964,-0.2405469988373915,0.07197894930029897
WA,2016-08-01,0.1887938531928881,-0.98788634505307,-0.3438676865550718,0.0536664192043359,1470009600.0,-0.9675982778121861,0.2260221543958403,-0.2152293631487595,0.08235937952432515
WA,2016-09-01,0.1879419785636957,-1.916140842917116,-0.4525367322168634,0.1558199011688756,1472688000.0,-0.9421377615043884,0.19468984270769843,-0.22680115008613946,0.0915044944980451
WA,2016-10-01,0.0359356287730481,-1.3331632411652272,-0.0005255767370329,0.1697009609823627,1475280000.0,-0.8900094552277349,0.20452423759345809,-0.24166016697275378,0.08785279886530778
WA,2016-11-01,-0.2380181602842447,0.3735947499985563,1.0597893986987366,-0.0296282558787925,1477958400.0,-0.8624540318750699,0.25862121712094366,-0.2675879466096729,0.06924958035812243
WA,2016-12-01,0.8759164517073068,-0.5423591749442807,-0.9719397611806144,0.0890910673427249,1480550400.0,-0.7972873908264733,0.2914774081342871,-0.253227883963462,0.04345836889880652
WA,2017-01-01,0.3579816037081209,-0.4881613958315256,0.118596363210468,0.0213320325269776,1483228800.0,-0.6612163278514146,0.23756699134076617,-0.19903687132121348,0.006917716041576462
WA,2017-02-01,2.202424983057729,-1.5953639299910165,-1.1320695255441429,-0.0259124775888999,1485907200.0,-0.5098190140989863,0.13936144362249092,-0.13468303361684175,-0.031734026969219654
WA,2017-03-01,0.6549024917286532,-0.8362431807359662,-0.1810548235230093,-0.0361340064274768,1488326400.0,-0.3701203077775622,0.03286493584766999,-0.02758764424252266,-0.053366323143936044
WA,2017-04-01,-0.49023444412794,-0.1892853296079053,0.4807233703509865,-0.1281010362722248,1491004800.0,-0.18684534884210355,-0.08991174816088127,0.10649969797084655,-0.05772441646012121
WA,2017-05-01,-0.6115265442520655,0.5573563443968403,0.4549347445977787,-0.2386451001907352,1493596800.0,0.006787257102886005,-0.17487032833522104,0.19366441743176038,-0.04573159346321171
WA,2017-06-01,-0.7121829524111791,0.8112896551787827,0.4138726082010304,-0.0437463467262118,1496275200.0,0.17441823746628124,-0.16768746059933426,0.2350209055459891,-0.027763477594906376
WA,2017-07-01,0.0749826237641144,0.3421745953205181,0.2754457737952904,0.0909063550480224,1498867200.0,0.23746253172942505,-0.1171340280618718,0.23228116015001748,-0.0025587704114830244
WA,2017-08-01,0.254453810511553,0.2074937121597919,0.1018530842449365,0.1537171013895442,1501545600.0,0.21748539247440807,-0.034843343205545066,0.1875757281715018,0.027185395805587424
WA,2017-09-01,0.4198175370219272,-0.0033111362169222,-0.2926124117471822,-0.038316404360045,1504224000.0,0.14418243027423813,0.06153825444239099,0.09911378335445105,0.04137380307487293
WA,2017-10-01,-0.0337029649643539,-0.4851863105918674,0.3676180122420866,0.1289662284641561,1506816000.0,0.037224403006865914,0.1297527834832653,-0.009762604343383227,0.03718059137006953
WA,2017-11-01,-0.0665373779841614,0.4417075891810107,0.3108328428902709,0.0436257798051347,1509494400.0,-0.06440769730649412,0.13623523212018576,-0.09461150375084987,0.027499953736894702
WA,2017-12-01,0.0822280814517044,0.1564101451483388,-0.6047794208865084,-0.1694736174228612,1512086400.0,-0.050940014519366576,0.06164663453125649,-0.09468184777668227,0.02120854300862613
WA,2018-01-01,1.2635171226071376,-0.4360287979964567,-0.3290774855671934,0.0775420160614039,1514764800.0,0.09061504360243892,-0.04666337666581423,-0.038300941728058466,0.015547351702207031
WA,2018-02-01,0.2931029569686276,-1.412911188552599,-0.6943130770236258,-0.0140999802897248,1517443200.0,0.22991233337817724,-0.11912165274810507,0.023283948220772493,0.012603292068801654
WA,2018-03-01,-0.7532007005233268,0.5884571201998092,0.5946715000131028,0.1259645078322684,1519862400.0,0.28498899957825347,-0.14045950410856856,0.09360706015073281,0.01263291252800709
WA,2018-04-01,-0.4370669475721068,1.2871448485321828,0.4664791757469366,-0.1086028917916714,1522540800.0,0.3454340253045934,-0.1590916665440113,0.21721222080508196,0.023873874514982327
WA,2018-05-01,-0.6110888956141691,0.967460816626474,0.65732289733997,0.4709161764369924,1525132800.0,0.3846243139726879,-0.15190401672744086,0.3224102869919886,0.038007328585260784
WA,2018-06-01,0.4992984845706744,-0.3921215031785507,-0.0270479328757602,-0.1112715266131076,1527811200.0,0.3105643503009521,-0.12311774216812567,0.3514845946847057,0.04366561677670565
WA,2018-07-01,0.0503281649672566,0.859928124873015,0.5940782349777524,0.0784849187650804,1530403200.0,0.09324105870457702,-0.05920244283846309,0.27309090170102385,0.04637663208934385
WA,2018-08-01,0.3243570888310018,-0.8553644791639065,0.2300400308806462,0.2871821104361309,1533081600.0,-0.16996188057189704,-0.0068350504958919625,0.1685452993069308,0.05624582930440275
WA,2018-09-01,-0.5292121470120316,-0.0565031935681368,0.1970953937135853,-0.0690795997595845,1535760000.0,-0.2819666744282218,-0.047533153539448515,0.12124305234894685,0.058996396256643845
WA,2018-10-01,0.1233104508998001,-0.8415108595435256,-0.5882348172130953,0.0538143699516924,1538352000.0,-0.22701048500566273,-0.20306367467137224,0.1413513592451308,0.05415953262253517
WA,2018-11-01,0.056423484182601,-1.46180637935689,-0.17884499658701,0.1349334290956418,1541030400.0,-0.08759466499142742,-0.38622287128875316,0.195324570117219,0.049326130617867975
WA,2018-12-01,-0.6483115344696475,0.5159922625641932,0.4096915029690038,-0.043126507575729,1543622400.0,0.08702093731939352,-0.46942110116334934,0.19795468326266796,0.05548238836241736
WA,2019-01-01,-1.2260870869558915,0.638594348626249,1.4647752680845727,-0.0411284350001617,1546300800.0,0.2682379335228265,-0.4915377500208376,0.21712327974326828,0.07302450470613317
WA,2019-02-01,-1.4565924194887354,1.0401322154609076,1.8419592108555456,0.1844767689271664,1548979200.0,0.4369412405266316,-0.5485993532606234,0.30196407578654383,0.0789763227085511
WA,2019-03-01,0.1234557889402765,0.5537079416266905,-0.3640510144671651,0.1036275134374644,1551398400.0,0.4962181902732961,-0.5814850307768457,0.3578482871408399,0.07620434732912548
WA,2019-04-01,0.0260399780307657,0.2538164464771846,0.1761904676349246,0.2758467212598074,1554076800.0,0.47808038510756334,-0.5572050841580531,0.3426539737861424,0.05140971902264485
WA,2019-05-01,-1.079359610727204,0.5016006284410679,0.7135286746849676,-0.0897882809920864,1556668800.0,0.4617619181975023,-0.4811104839438458,0.3203295025126633,0.025746151180646066
WA,2019-06-01,1.1102560719790593,-0.3395446918309694,0.0291037669402101,0.5779270693629881,1559347200.0,0.5037248473841018,-0.43903277052389394,0.39893587617159554,-0.006663170625959519
WA,2019-07-01,-0.6936941330170054,0.8376901232708249,0.5904923190634772,-0.4435562570906594,1561939200.0,0.5949562833426595,-0.45161074650334904,0.4978589482164883,-0.04237855937096729
WA,2019-08-01,-0.2899818906239164,0.5450124717563475,0.6970796388839097,0.0316579820024429,1564617600.0,0.7427590944072013,-0.45065770120394133,0.6070529426459506,-0.07450303789115394
WA,2019-09-01,-0.4104272219631584,1.3867481165556192,0.5849110448613892,-0.1544599617830009,1567296000.0,0.8779474149075873,-0.4084645313482269,0.7169317563321517,-0.07724630396894384
WA,2019-10-01,-0.1545417579485084,0.8936781207944406,0.6158770651878882,-0.0967898230405417,1569888000.0,0.7613166505634431,-0.391298963222399,0.8170730170853826,-0.05132416307201107
WA,2019-11-01,-0.3227868571675209,1.2707247753046396,1.636879625431629,0.1227686858523391,1572566400.0,0.6637869690546239,-0.3381092351575807,0.9171508064311713,-0.007716075701742533
WA,2019-12-01,-0.794735395244131,3.55709481518306,0.8470924796110495,-0.2577922532987386,1575158400.0,0.5735033145219992,-0.28547516436518106,1.0161492374923364,0.038495808136694315
WA,2020-01-01,-0.4644520884718299,-0.0178214336554063,1.1098182832423191,0.006539674980404,1577836800.0,0.4647318596581174,-0.2354681705764742,1.1170237583557685,0.08654476673917176
WA,2020-02-01,0.2632979879154646,0.2872936137071988,-0.6862997420933041,0.2942286008249936,1580515200.0,0.3363421215124582,-0.1850092832786125,1.2146416930854678,0.13581130885144155
VIC,2014-01-01,-0.907263788960111,1.0748865441718003,3.0772268999626786,0.2821166796821046,1388534400.0,0.6387363925918965,-0.28859237526905557,-0.27333225915142256,0.1545792575580725
VIC,2014-02-01,-0.295401961536385,0.9222169838940673,0.7410537745086003,0.1821707839628459,1391212800.0,0.5648763152089218,-0.23108016746724766,-0.3690696014640161,0.09235091063914734
VIC,2014-03-01,0.2462952251663657,-0.1209182297380984,-0.7772428338484758,-0.2531783041653317,1393632000.0,0.5113162224688781,-0.19401857630536576,-0.42529653043831805,0.04092306659757666
VIC,2014-04-01,0.90110499086168,-0.8212986990408524,-1.2058271820750956,0.0452953331698311,1396310400.0,0.45668402232926,-0.1611528255153028,-0.4640549203356039,-0.013304902658908253
VIC,2014-05-01,-0.3973782408369126,0.9408386522529036,-0.5473886976262463,-0.4596882631599896,1398902400.0,0.40033504950833027,-0.1295526980787149,-0.4895270787722385,-0.0643840226072954
VIC,2014-06-01,1.134949908875028,0.496009273406127,-0.8939947916666692,0.5999054642888705,1401580800.0,0.37312076323171145,-0.11669428630247095,-0.4986154857761983,-0.11043586575751818
VIC,2014-07-01,-0.2955317271425137,-0.0205406916188213,-0.567809431321403,0.0094058202985891,1404172800.0,0.4850852473985432,-0.20533729049335744,-0.3678378862802243,-0.10488187988152833
VIC,2014-08-01,-0.808599483615104,0.696287005699558,0.3314239111877839,-0.765740574006875,1406851200.0,0.5350879360867166,-0.29482518209863157,-0.1909110407196408,-0.07915030406672471
VIC,2014-09-01,-0.3015521643215246,1.078280975288589,0.1943030931380107,-0.1374797863537411,1409529600.0,0.4050872170388074,-0.33415696596897604,-0.03391237423137126,-0.04409515139427283
VIC,2014-10-01,-0.3553462121984616,0.4881267682448466,-0.14734903618751,0.011953661076852,1412121600.0,0.18861014804294196,-0.29925452551322995,0.04012436216043585,-0.009909858281872025
VIC,2014-11-01,-0.2745085931820618,0.6500808123396205,0.3265834349328855,0.096598272350187,1414800000.0,-0.06775855713042843,-0.1941811250781201,0.038905084824975004,0.03651191511713177
VIC,2014-12-01,-0.3508746497549402,-1.165315936304555,0.4410655114397421,0.1112946723888539,1417392000.0,-0.40618798771902725,-0.09250280857577439,0.01339852460913977,0.08993101711034986
VIC,2015-01-01,0.4903506056211919,-1.5940191934907553,-0.9333016812413176,0.3161932832815441,1420070400.0,-0.782394243582137,-0.009979655319420458,-0.02881703924740516,0.13671918377771256
VIC,2015-02-01,0.3778318042167183,0.4908561405759535,-0.1701181004913614,-0.0553679316871393,1422748800.0,-1.0316357496597968,0.03919402027214796,-0.09053976308613965,0.16735678367205706
VIC,2015-03-01,-0.404398536871288,-1.982269286592942,0.6117466528957216,0.225546448361718,1425168000.0,-1.1076898891817106,0.05201648585774298,-0.15916869906086362,0.15676505485077127
VIC,2015-04-01,0.5580796410371694,-2.019042801090979,-0.5939211531812596,0.2231686742369394,1427846400.0,-1.0757432136820002,0.022810557147929428,-0.2222454057419511,0.11029219553664192
VIC,2015-05-01,-0.2347732490423473,-0.6789381727667613,-0.1868393024649321,0.416697825549682,1430438400.0,-1.0025131276758934,-0.056210724716827594,-0.2641882403590797,0.05245634310387047
VIC,2015-06-01,-0.2766251111764241,-0.2776563001795242,-0.2122239583333334,-0.1635294910577589,1433116800.0,-0.8660362679359984,-0.16590165275435484,-0.23990948328237371,-0.018659190629361715
VIC,2015-07-01,0.0254762312377612,-0.910308180171059,-0.5679526543392716,-0.2572884973864901,1435708800.0,-0.6366022120453942,-0.27537114471522706,-0.10274936348885749,-0.10091632584066895
VIC,2015-08-01,-0.3862707538557819,-0.797151950574511,-0.982609903222535,-0.0785816387895153,1438387200.0,-0.391732608328442,-0.37849536048211035,0.11154389305913717,-0.16699436960628192
VIC,2015-09-01,-0.7007122693084064,-0.0083425716589147,0.5893321761671934,-0.4343764781196193,1441065600.0,-0.17767343434223026,-0.4499384729772127,0.36698846264280344,-0.18277447995848328
VIC,2015-10-01,-0.7996777874775138,3.17275863560468,1.6258991975313108,-0.359157720608573,1443657600.0,-0.08029125391685968,-0.4587377459012959,0.6393440140564954,-0.16560697744083003
VIC,2015-11-01,-0.1852737090649132,0.1984428750206959,0.613108776542191,0.0064320709500034,1446336000.0,-0.017924917704136834,-0.4076374230385523,0.7407864860320469,-0.14894809893084596
VIC,2015-12-01,-1.075207200127223,1.932852157309345,3.0575724354523643,0.0880391858825371,1448928000.0,0.09069118086726363,-0.3124145228658672,0.75736020567913,-0.1342541328509148
VIC,2016-01-01,0.7902801636484315,-0.6490070407857793,-1.747495882295368,-0.0942440226513667,1451606400.0,0.192344576075511,-0.17293122414371667,0.7627078518693747,-0.101667705168589
VIC,2016-02-01,-0.2182368218143944,-0.5024593396740507,0.9607891339908364,-0.1727958648660319,1454284800.0,0.23746592545315004,0.020446833244377047,0.6973460211708221,-0.04976137341964944
VIC,2016-03-01,0.1977326123671399,0.4243253725473081,-0.7820487100075261,-0.2542580146475597,1456790400.0,0.212866972751386,0.21916070202923066,0.6361434511386519,0.013002230420659424
VIC,2016-04-01,-1.0614473103935418,1.2927400647098146,1.5818312744778105,-0.0719750026780889,1459468800.0,0.19498870163083082,0.42727108589964424,0.5063337401973503,0.07218008020517779
VIC,2016-05-01,0.8667129157314859,0.4317161656358123,0.5968602943092643,0.6286604981571972,1462060800.0,0.22187963903717697,0.5853797105140228,0.34196593467181313,0.1101442653986829
VIC,2016-06-01,0.8833141965575759,-0.391344662751683,-0.171598958333341,0.4596536830803104,1464739200.0,0.137696744712293,0.7599782395380515,0.14376774477320256,0.14058029881062184
VIC,2016-07-01,1.151464626403889,0.0295996523318944,-0.2142641544248462,0.2542824217072725,1467331200.0,-0.13502290180521326,0.8819933794921166,-0.09247908136820741,0.15586285630697447
VIC,2016-08-01,0.5626424554795602,0.4638804380894612,0.2637207419387426,-0.0495706229381123,1470009600.0,-0.472381176999282,0.8372834951333198,-0.32823881362442237,0.15031608746481534
VIC,2016-09-01,2.094233117006163,-1.0654953128292115,-1.5728449777691793,-0.1827211621612492,1472688000.0,-0.6334136944517623,0.6716911680707106,-0.4918508393231453,0.11113958807612855
VIC,2016-10-01,1.2414261471566808,-3.062933372331404,-0.8855537764800551,0.905970089877722,1475280000.0,-0.699034823031515,0.5101049356029715,-0.5846591463282309,0.05621775501411231
VIC,2016-11-01,-0.0402982301970493,-1.817843549666435,-0.2077580641888481,0.2428401899748822,1477958400.0,-0.7900695609143678,0.38730151185123746,-0.6384036525808159,0.025137956449701262
VIC,2016-12-01,-0.3135377857881163,-0.4149877999479514,-1.1555078736874584,0.0769321396257121,1480550400.0,-0.8110755726147346,0.28498285849910815,-0.5998564136541349,0.028678743616835124
VIC,2017-01-01,-0.1328303249750211,-0.0682028669601173,-0.1897463011784736,-0.2378979282466078,1483228800.0,-0.6913161959019549,0.20920096702923555,-0.47444687475223557,0.01799582449720134
VIC,2017-02-01,0.4506373892802044,-1.1248233032765071,-0.8947676866123295,0.0328381348724615,1485907200.0,-0.5260706161606317,0.1841647682998606,-0.32109353550551134,-0.05979409239138498
VIC,2017-03-01,0.328371998556399,1.7478783895207428,0.354873161144873,-0.0074511187398118,1488326400.0,-0.3910790979753334,0.1873841550813397,-0.1567485938152053,-0.15460804315998702
VIC,2017-04-01,0.8983044736758019,-0.5898274903656641,-0.4082765857698333,-0.0101390149939408,1491004800.0,-0.27750643865644514,0.16133583198569063,0.04936885347937779,-0.22605079567553707
VIC,2017-05-01,-0.2719728997318178,-0.6105384224156829,0.3593516012832527,-0.681450467044241,1493596800.0,-0.20502014839902813,0.15829958105522007,0.18355859476761988,-0.25853127447679897
VIC,2017-06-01,-1.5911702033176889,0.2772514603018692,0.7624947916666764,-0.8867602079855192,1496275200.0,-0.14009822762543114,0.1348716626313946,0.23167109137814465,-0.2854621151307615
VIC,2017-07-01,-0.3482763671413593,0.4137977117685025,0.6792828011655665,-0.3291491438603158,1498867200.0,-0.10439564305275843,0.08751038554869392,0.21677189281197168,-0.3198468782336151
VIC,2017-08-01,0.6325728392886365,-0.3645490345255826,0.0724001774225762,0.2022078848107136,1501545600.0,-0.04205044336242955,0.0549755408883213,0.16003982353171536,-0.34691870648528184
VIC,2017-09-01,-0.0207248786982929,-0.0142689224829517,-0.285542823832797,0.8425068519534075,1504224000.0,-0.016945135183406596,0.10130354193163461,0.00988670910483138,-0.31741157383186996
VIC,2017-10-01,0.3033758889764723,-0.5232368681187864,-0.3297040716479138,-0.343901936675838,1506816000.0,0.032198022713171535,0.11033790795057295,-0.15362858396856516,-0.2826580177873211
VIC,2017-11-01,-0.0805274235068183,1.9507600442978976,1.3693165604054762,-0.4950649143946948,1509494400.0,0.08763415519852322,0.052375935716579364,-0.2613814071689349,-0.2712191485556249
VIC,2017-12-01,1.3632054180136643,-1.1882965371869254,-1.294862418454546,-0.2476379682325342,1512086400.0,0.1721460368586795,-0.0508567558664143,-0.248349831244233,-0.2451137831911146
VIC,2018-01-01,-0.2148176219732427,1.2184017261708853,-0.2102835519676027,-0.2641482082287769,1514764800.0,0.27728269224857527,-0.1670822527467458,-0.1803156067693957,-0.17056222223095707
VIC,2018-02-01,-0.3039340338983164,0.2131722843240382,-0.6628971183485604,0.0165785540708025,1517443200.0,0.3369277375924319,-0.250527032928302,-0.10942911776311674,-0.1000235168888569
VIC,2018-03-01,-0.3594960895141206,-0.0340242787055977,0.5929361690247532,0.285698728354987,1519862400.0,0.32377667480062455,-0.2990298374298545,-0.002610946289545289,-0.03875282810641097
VIC,2018-04-01,-1.2810546276532344,2.124175532881054,0.620268774477763,-0.1858800931288753,1522540800.0,0.3016149191931041,-0.3295371885868261,0.16942108415641946,0.033124575862659815
VIC,2018-05-01,0.0463906917542398,-0.0933594585224639,-0.2214277509434428,0.0914914510631819,1525132800.0,0.2561653738644436,-0.33678401935017355,0.31443852856129845,0.09246275007283934
VIC,2018-06-01,-0.1427312593634986,-0.1035831564755547,0.5153229166666673,-0.0073291708808929,1527811200.0,0.20361454264605525,-0.34333395181964205,0.40549337274777625,0.10543966368603166
VIC,2018-07-01,-0.5242699616556336,0.4877249707220716,0.6707014217830948,0.3250111223458072,1530403200.0,0.12801683593400418,-0.33021792508603687,0.3972254141906664,0.08663645394258475
VIC,2018-08-01,0.0008308382728956,0.0013051832263073,0.3153991693580984,0.6918541708137557,1533081600.0,0.016595502113852453,-0.26949448589326835,0.29472479808506036,0.07983776857596392
VIC,2018-09-01,-1.0557172343471155,0.0019921937462541,1.0733165511671847,-0.0906085456060807,1535760000.0,-0.020862336742661903,-0.18951529030689324,0.10081074382295933,0.06523195983043292
VIC,2018-10-01,-0.3953492512581058,-0.0634139195318006,-0.2545678456136037,-0.2199282463664262,1538352000.0,-0.01864242625541956,-0.15229066150004525,-0.012157035933586921,0.024486349627698866
VIC,2018-11-01,0.5904942781031208,-0.9792279589636194,-2.0522415688668723,0.1494421634152631,1541030400.0,-0.006814843972111755,-0.13229389271442313,-0.07376044591261025,-0.02701523970560151
VIC,2018-12-01,0.6179485762572297,0.6366606002630526,-1.3197491886916666,-0.0705780777554743,1543622400.0,0.03135005212831972,-0.09107986290725842,-0.1689646552968611,-0.03845120093007841
VIC,2019-01-01,-0.9196920929893944,2.828052826697597,1.1294492345350768,-0.2679578862014508,1546300800.0,0.11121457477458832,-0.02770333133842145,-0.24845723116353766,-0.013088983293086153
VIC,2019-02-01,-0.0794956585815532,-0.0642883043199127,0.0044001567172387,0.0738935536149476,1548979200.0,0.2026240791404821,0.040902748194791005,-0.18423311998388772,0.016247771954123653
VIC,2019-03-01,-0.0096616947660241,0.2505812097375717,-0.5632483067817375,0.1166832713657379,1551398400.0,0.27680539100408524,0.08560456274369813,-0.01595676045189392,0.03892818093709166
VIC,2019-04-01,-1.4982456428743178,0.805220887646044,0.3182010661444731,0.0881448460438734,1554076800.0,0.2848895045911027,0.10112393099570881,0.12260756596426106,0.07068071715542448
VIC,2019-05-01,0.9858522873236955,-0.1802161971549445,0.0539935758215612,0.1120352696650837,1556668800.0,0.2490155617190864,0.12230336310297683,0.1764927389595026,0.104891420217326
VIC,2019-06-01,0.5559742343947005,0.4850151698842868,0.6736406249999973,0.1758877217155587,1559347200.0,0.19011011776980064,0.13292259610367121,0.21796379624226445,0.11457292654901721
VIC,2019-07-01,-0.2085853263214605,0.4782912027438168,0.3932771843704028,-0.0477146250455389,1561939200.0,0.10047357044465452,0.10528988850542953,0.23546142076575727,0.10941636721714716
VIC,2019-08-01,-0.1381244429118528,-0.519799484731859,0.0821582419387461,0.3819185239573914,1564617600.0,-0.03838544486978084,-0.01953876061981696,0.17357006235837072,0.12964151001216145
VIC,2019-09-01,-0.3144336341377953,-0.0318948854787706,0.1875328379512062,-0.0015254424617188,1567296000.0,-0.14623337628424612,-0.10716108613918394,0.017897811556959103,0.1711092727717039
VIC,2019-10-01,-0.2658572044741585,0.0227125518497217,0.0350888219703939,-0.1200011277303287,1569888000.0,-0.28196334306139437,0.09949558984121504,-0.33740116547197874,0.18756636280502725
VIC,2019-11-01,-0.0162685476537416,-1.4038718384446298,-0.5200150821094347,0.7054840792953101,1572566400.0,-0.504338899973223,0.32884103614510557,-0.7111150327362721,0.20487808130801227
VIC,2019-12-01,-0.9806164655349812,0.7298213859411042,1.2058788870653243,0.4600322370780336,1575158400.0,-0.7238096312377845,0.5505372095678792,-1.0706433265045305,0.22698846032417624
VIC,2020-01-01,0.9970028888590868,-0.265029324161727,-1.5069152371341232,-0.0794943117980917,1577836800.0,-0.9439055890836928,0.7935980312700615,-1.4514434511053511,0.25148260446053117
VIC,2020-02-01,1.414992768699855,-2.312765509103187,-2.1365778183793935,0.3074186011930644,1580515200.0,-1.1656608595090934,1.056508153997045,-1.8458576797131867,0.2740042752965475
