State,Month,Average Rainfall,Average Maximum Temperature,Average Solar Radiation
SA,2014-01,0.47703134996801,31.749358974358938,27.851954459203025
NSW,2014-01,0.91287128712871357,30.591929567131338,26.511683489545817
QLD,2014-01,4.0564485981308511,33.5142804154302,23.42459499263628
NT,2014-01,11.000000000000004,33.620161290322592,19.400587301587329
WA,2014-01,2.1735976381273661,33.285062240663812,26.868421926910283
VIC,2014-01,0.73878172588832369,28.734211860111525,27.002142137096776
TAS,2014-01,1.1019571295433372,22.104602109300117,25.723898617511512
NSW,2014-02,2.0267678785457437,29.323811426288447,20.594922465208789
SA,2014-02,1.7189692197566211,29.48961318051575,22.6763176387913
WA,2014-02,1.94115955917585,32.634631432545191,24.425009165902861
NT,2014-02,9.959356136820924,32.541372351160419,19.141246290801195
VIC,2014-02,0.61947397873530985,28.174565826330571,22.033370535714287
TAS,2014-02,1.2961578400830751,22.289211618257252,19.141615541922278
QLD,2014-02,6.8008924949290011,31.523274478330674,20.069245585874871
WA,2014-03,0.55969125214408266,32.056725146198822,20.630245016611305
SA,2014-03,0.43541532517707676,27.164414414414416,18.790379987333768
TAS,2014-03,1.7599254426840643,20.525464684014903,13.543188940092172
VIC,2014-03,1.4300459887583024,24.87746047934727,15.534357287449385
NSW,2014-03,4.0663997087732193,26.384702034883713,16.345614224137936
NT,2014-03,3.4396172248803851,34.148759541984717,22.552597402597435
QLD,2014-03,5.706642335766416,31.114342485549162,19.563877995642748
VIC,2014-04,2.878556485355642,19.799371398638034,10.335763418447121
TAS,2014-04,2.5627906976744232,17.049280920421854,8.5870190476190587
NSW,2014-04,2.2057078482913965,22.865103189493468,13.194470370370365
QLD,2014-04,2.7315370018975309,29.791066066066072,18.186342835708963
SA,2014-04,1.6349310571240971,22.868725361366597,12.855928104575149
WA,2014-04,1.0799824021117475,28.633992264718497,16.770383951682508
NT,2014-04,3.37201166180757,33.266208251473493,19.785828571428571
NSW,2014-05,1.0406147091108653,20.102048280907116,10.741086330935248
TAS,2014-05,2.462349676225716,14.717962962962961,5.5064608294930872
SA,2014-05,1.6170268500327425,20.647744845360844,9.788791139240498
VIC,2014-05,1.6420626895854424,17.514300151591684,7.82110383064515
WA,2014-05,2.4141938250428767,24.347004219409271,12.580004154549236
NT,2014-05,0.520696324951644,31.921776504297991,19.3572735426009
QLD,2014-05,1.1574341861327373,26.669606762219747,15.694592243566516
NSW,2014-06,2.2201362604087818,16.288277693474967,8.8454043026706266
VIC,2014-06,3.3424210526315878,13.79279326670175,6.1707187500000007
TAS,2014-06,2.2288995215311025,12.976842105263156,4.7079619047619019
SA,2014-06,2.0854278074866319,16.365909090909124,8.4453403141361321
WA,2014-06,1.3202809482001767,21.385335613510062,12.164934571549177
NT,2014-06,0.091472868217054346,28.780254154447675,18.627481481481489
QLD,2014-06,1.0194973343488178,24.041355932203409,14.158014981273425
NSW,2014-07,0.72217359591539176,15.742255584035165,10.133485120114727
TAS,2014-07,4.0013108614232218,12.397378277153567,5.0837972350230389
VIC,2014-07,1.8143219908583013,12.737582529202639,7.1980514891469012
SA,2014-07,1.7075933075933087,15.587194337194353,9.062985452245421
WA,2014-07,2.2392767031118641,20.628823288232859,12.594448091916298
NT,2014-07,0.078826764436297145,28.808663594470033,19.437297297297331
QLD,2014-07,0.23269513991163446,23.642571012381676,16.012769732078215
WA,2014-08,1.2841316118284083,23.6356853203569,15.797048242027799
VIC,2014-08,1.2280506329113927,14.37845919918905,10.796543895055494
TAS,2014-08,1.7703358208955251,13.275906976744201,8.5999539170506889
NSW,2014-08,3.3284523378035558,16.549637418419085,12.440954088952651
NT,2014-08,0.001102941176470588,29.465610859728521,22.464026200873345
SA,2014-08,0.5299420476497102,17.200901481004482,13.052934851359904
QLD,2014-08,1.5176939811457617,24.29050179211465,17.518168458781378
NT,2014-09,0.0022966507177033506,33.9657329598506,24.80827927927923
WA,2014-09,1.2104302477183819,26.017642069550487,19.190945546644166
QLD,2014-09,0.75978994748687312,27.886200448765841,21.459377777777782
SA,2014-09,0.65343104596935375,21.117799999999995,17.172
VIC,2014-09,1.6015748031496104,17.57502628811779,14.667080291970816
TAS,2014-09,1.8801932367149754,15.386834462729912,12.069971291866038
NSW,2014-09,1.1829528158295282,20.229033485540377,17.204030404152764
NT,2014-10,0.055353901996370206,35.981737588652443,26.353574542284225
WA,2014-10,0.83004655099449687,28.829258184832121,22.935370143149331
QLD,2014-10,0.28414943779470414,31.069401896425976,25.237797340998924
SA,2014-10,0.17710610932475893,26.070310478654608,21.558665401644532
NSW,2014-10,1.3791697013838282,25.283612040133782,21.835344332855094
VIC,2014-10,1.1449494949494949,21.499242424242404,18.962319717599627
TAS,2014-10,2.2557407407407379,16.137721755368805,15.537751152073731
QLD,2014-11,1.0741353383458605,33.733270887973006,24.912477777777809
SA,2014-11,0.476569885212694,27.428686327077745,23.312084967320231
NT,2014-11,1.4469135802469142,36.673635522664171,23.414819819819833
NSW,2014-11,1.1462340672074136,28.323620223851751,23.018285608032656
WA,2014-11,0.90052447552447545,30.0572033898305,24.147869198312168
VIC,2014-11,1.5065479308538552,23.809119496855292,22.034007295466417
TAS,2014-11,1.4875612144955905,17.710019455252922,19.833745210727969
WA,2014-12,1.0004214075010547,31.645502861815224,27.887847222222231
SA,2014-12,0.51745827984595616,27.541929260450168,26.922826362484187
NSW,2014-12,3.8048515568428689,28.417337685890452,23.631025824964141
QLD,2014-12,3.5512186379928243,33.250214899713505,23.283322580645152
VIC,2014-12,1.7695983731570935,24.924020356234077,24.424052551793817
NT,2014-12,4.8787372330547871,35.7826244343892,21.908468941382296
TAS,2014-12,2.1920411985018746,19.800000000000011,21.681769585253463
SA,2015-01,1.2203236245954692,28.622380336351835,24.930031625553433
WA,2015-01,1.602881355932203,33.285318444995831,26.4250697865353
NSW,2015-01,3.7908857037853871,28.41891296364301,22.840755124056102
QLD,2015-01,6.5251538183134272,32.595936139332217,21.555451612903216
NT,2015-01,10.829671361502347,33.132385321100941,18.033685136323655
TAS,2015-01,2.9084745762711877,20.746616541353372,22.086396313364059
VIC,2015-01,2.1363961204696267,26.06530612244897,22.99161355589278
SA,2015-02,0.071046931407942257,31.6289226319595,24.2195725297828
WA,2015-02,0.88498134328358291,34.271845102505743,23.533936507936488
NT,2015-02,6.0558482613277116,35.1061310782241,21.995435684647298
QLD,2015-02,5.7950400000000055,32.699275653923564,22.817777777777803
NSW,2015-02,2.0670174018616,28.906885378695829,21.275146942017475
VIC,2015-02,1.292707744488413,27.743204983012458,21.122198660714325
TAS,2015-02,0.86780748663101692,21.971035940803425,19.223387755102046
QLD,2015-03,2.664744051910604,33.0667868734223,21.474725511302459
NT,2015-03,3.6092936802973914,35.218587360594817,22.627768817204284
SA,2015-03,0.22552631578947313,25.891606557377049,18.976154822335026
NSW,2015-03,1.1822498173849547,27.142831083546191,18.498845878136219
WA,2015-03,2.1263381478334735,30.4078350515464,19.563344248874348
TAS,2015-03,2.8039024390243905,18.165645933014357,13.04481105990784
VIC,2015-03,0.77935222672064863,23.016109422492427,16.923346774193583
NT,2015-04,0.9716417910447761,33.103748828491049,21.793477477477509
NSW,2015-04,5.3359157578036713,21.467757712565806,12.324535012967759
VIC,2015-04,2.5355311355311314,18.601627296587907,10.947669447340957
SA,2015-04,1.6735647530040068,20.500334448160519,12.654999999999992
TAS,2015-04,1.115447154471543,15.984115884115887,9.3446380952380874
WA,2015-04,1.3866489832007094,26.449020442930127,15.272028121005535
QLD,2015-04,2.1962894248608604,28.92425595238096,18.573611111111095
WA,2015-05,1.5136209813874766,23.115632653061205,13.360375663536107
NSW,2015-05,2.2456127628716502,18.423857868020324,10.32640602582498
VIC,2015-05,1.8046676813800087,15.894523326572019,8.181653225806464
TAS,2015-05,3.7848513902205214,13.431488549618312,5.8061658986175138
SA,2015-05,1.3818649517684902,18.175850995504181,10.060461733080334
QLD,2015-05,1.608152958152955,26.566894812680186,16.224580645161279
NT,2015-05,0.37406082289803239,31.205776173285233,20.003881118881083
TAS,2015-06,2.3677551020408174,11.7719387755102,4.8136205227492708
NSW,2015-06,2.0505042958535671,15.802764288382543,9.2429112513925062
SA,2015-06,1.0073635765943452,15.909789750328517,8.8302418300653489
VIC,2015-06,1.9308460325801358,13.019127693116099,6.8524895833333366
WA,2015-06,1.3245986984815588,22.736184486373158,12.21774683544303
QLD,2015-06,1.4985831469052955,24.230906389301619,13.814929629629626
NT,2015-06,0.33715898400752581,29.782452830188674,18.521648351648349
NSW,2015-07,1.681211684096652,14.233609808871261,9.85942887931035
TAS,2015-07,2.5211428571428587,10.916476190476191,5.4671348837209361
VIC,2015-07,2.1353299492385762,11.847815040650401,7.1979082661290326
WA,2015-07,1.6155592935239729,20.882806729585493,12.09387070376431
SA,2015-07,1.4622052262587604,14.739643084767362,9.3369070208728822
QLD,2015-07,0.5040028849621343,23.335063063063092,15.482388809182197
NT,2015-07,0.068890892696122627,28.874887082204189,19.550381882770878
WA,2015-08,1.6822445561139032,22.182817589576533,15.2068395263373
VIC,2015-08,1.6503793626707148,12.885020242914981,9.4825100806451754
SA,2015-08,1.4603194888178896,16.137300063979531,11.765050632911379
TAS,2015-08,2.87260663507109,11.087832699619788,8.0009823911028786
NSW,2015-08,2.1493871665465027,16.378470970068534,12.129492440604752
QLD,2015-08,0.64730949801372251,25.454614549402805,18.214858270541818
NT,2015-08,0.066545123062898837,30.541369863013728,21.719128113879016
NT,2015-09,0.10843840931134809,33.111100292112923,24.507879341864726
WA,2015-09,0.6790434782608693,25.670373514431244,20.504687763713061
QLD,2015-09,0.63100075244544618,27.495908408408429,21.487640740740698
SA,2015-09,0.77834566240753122,19.412029569892496,17.154856209150314
NSW,2015-09,1.1533134772896472,19.336769631559349,17.464896296296285
VIC,2015-09,1.2024146981627286,16.488402741170287,15.062109374999999
TAS,2015-09,1.4563241106719385,14.515917968750001,12.36562857142858
NT,2015-10,0.17954337899543377,35.677210574293518,25.176124780316368
SA,2015-10,0.17418936446173827,27.290909090909075,22.010189753320656
WA,2015-10,0.577157360406091,30.310740740740712,23.199112474437598
QLD,2015-10,1.0384810126582276,30.723388848660427,23.876301075268785
NSW,2015-10,1.0188856729377702,26.395281306715091,20.726897297297263
VIC,2015-10,0.70061791967044273,24.183874291602237,20.735567951318448
TAS,2015-10,0.4956115779645191,18.189013035381752,19.146064516129051
QLD,2015-11,2.0498687664041952,33.080426646706549,25.314751851851852
SA,2015-11,0.93671562082777027,26.989156626506041,24.836215686274532
NT,2015-11,1.3076631977294226,37.374762808349168,24.895801801801817
NSW,2015-11,3.1185046728972035,26.929906542056131,23.316199851411547
WA,2015-11,0.650875656742557,31.286282051282036,25.935283417935651
VIC,2015-11,1.5957828149710038,23.357481559536367,22.320532637075722
TAS,2015-11,1.675628626692456,18.673795761078985,20.865933333333317
SA,2015-12,0.3558154645873946,31.504551365409608,27.641076630778969
WA,2015-12,1.1735817104149,31.823327828241148,27.431626951520151
NSW,2015-12,2.1467962562994978,28.665082793376506,25.206827956989262
NT,2015-12,9.3921604375569636,34.439908256880763,19.234441512752859
VIC,2015-12,1.0452658227848106,28.022188449847977,27.04055947580644
QLD,2015-12,3.9684817886765238,32.172011556518633,22.654519713261621
TAS,2015-12,1.5636533084808908,21.577767441860463,25.676442396313366
NSW,2016-01,4.9057496360989816,28.847138047138049,21.392770780856452
SA,2016-01,0.983972602739728,30.086232876712334,25.294653968253943
WA,2016-01,2.0041757285776445,32.280978723404267,23.176501230516827
VIC,2016-01,2.4363256784968663,27.010318275153946,22.17741935483873
QLD,2016-01,3.5466257668711649,33.185659509202445,23.63756649892164
NT,2016-01,3.5119846596356665,35.542281879194661,22.727467248908294
TAS,2016-01,2.6985133795837482,22.426877470355706,21.531727019498636
QLD,2016-02,3.5948578106739446,33.639186546734472,22.778584722760794
SA,2016-02,0.91983471074380085,28.871793103448269,23.799526707234634
WA,2016-02,0.67792565396971016,33.172261484098925,25.153836752509811
NSW,2016-02,0.73843762145355685,30.053421461897354,23.586280230326256
NT,2016-02,4.1123260437375739,35.909433962264067,23.152434701492528
VIC,2016-02,0.69663911845730053,26.749889502762453,22.253105895196523
TAS,2016-02,1.4483450351053155,22.093093093093081,19.352772277227718
NT,2016-03,4.26772093023257,35.516309412861155,20.783306948109054
SA,2016-03,0.98170019467878,27.243774319066176,17.224358001265013
WA,2016-03,1.4954604409857342,31.137546777546778,19.478388293487242
VIC,2016-03,1.3814833759590766,25.422704081632677,15.529551411290335
QLD,2016-03,5.4671282798833722,31.758381924198183,19.172655407833275
NSW,2016-03,1.7415909916454777,28.248366013071919,17.606206030150759
TAS,2016-03,1.5742964352720459,20.54967259120675,13.617437788018435
WA,2016-04,1.0998641919420511,28.26801566579633,15.974721141374834
TAS,2016-04,1.3769603097773491,18.425169409486944,10.882238095238097
NT,2016-04,0.72090823084200584,35.183174904942952,21.589972972972959
VIC,2016-04,0.91600418410042017,21.9134101623887,13.123421875000027
NSW,2016-04,1.0604460966542768,25.157318435754142,14.85312962962964
QLD,2016-04,1.2224131490474395,30.721031004856155,18.453178783382764
SA,2016-04,0.40832773673606448,24.304037685060536,14.600248366013075
NSW,2016-05,1.6760131434830223,20.324154237904654,11.398508425959156
TAS,2016-05,5.8271090047393361,14.293933649289102,6.4523041474654406
VIC,2016-05,2.906153846153841,17.005177664974592,8.96535282258066
SA,2016-05,1.9033707865168537,19.954754098360659,10.366401012017716
QLD,2016-05,1.452312245652978,28.386074074074084,15.494978494623666
WA,2016-05,2.04717903154154,24.048010269576391,13.438136363636376
NT,2016-05,1.6345703125000002,32.6456563706564,18.348087578194814
VIC,2016-06,3.0907853403141359,12.90543933054394,6.8931145833333289
TAS,2016-06,5.8910167818361261,12.519080234833661,4.8331888246628143
NSW,2016-06,6.3791898922333825,15.491713117800064,8.49615925925926
SA,2016-06,2.3827885256837926,15.724966622162887,8.9905428384565234
WA,2016-06,2.2633035714285787,20.888053866203336,11.796286324786347
QLD,2016-06,3.4088422630198529,23.911424276587724,13.631803703703694
NT,2016-06,0.25894736842105204,31.101826923076921,18.40087962962966
TAS,2016-07,4.7418386491557252,11.751932139491052,6.2091889400921678
NSW,2016-07,2.2267100977198631,15.574625775830572,10.017774181948949
VIC,2016-07,3.261318344404704,12.787722873153355,7.551596766043458
SA,2016-07,2.4073548387096757,15.269786959328599,9.6250063291139387
WA,2016-07,2.1721008403361344,20.108665008291922,12.743331968890693
QLD,2016-07,1.9813255217868986,23.62556086796614,14.794951456310672
NT,2016-07,0.2012785388127854,29.563788300835668,19.043709677419397
NSW,2016-08,2.451841155234658,16.548390596745044,12.567222222222219
TAS,2016-08,2.5264623955431751,12.443466172381829,8.8603502304147312
SA,2016-08,1.6354545454545488,17.278009108653215,12.801954314720817
VIC,2016-08,2.5992925720060573,14.146052631578954,10.728840725806453
QLD,2016-08,1.0982902873772273,24.621052631578912,17.429661139149289
WA,2016-08,2.0503956684714755,21.115000000000041,15.151821151490388
NT,2016-08,0.18165467625899295,30.754174228675158,21.016931124673086
WA,2016-09,1.1716673999120109,22.948609328198522,19.121861544955639
SA,2016-09,3.1973172367538565,17.489463087248325,14.845415848068116
VIC,2016-09,3.9973600844772985,15.43124999999999,12.899932221063626
NSW,2016-09,3.6255683935892664,18.425233644859794,15.030626389918453
TAS,2016-09,3.3004840271055174,14.665087040618964,11.920219047619053
NT,2016-09,1.8746987951807241,33.183317800559145,22.029864620938639
QLD,2016-09,1.9169595110771545,27.148732718894021,19.156818524096362
WA,2016-10,0.80230670653566583,26.923179359134437,22.955214344600208
NT,2016-10,0.968900804289546,34.813136729222506,24.976134969325148
SA,2016-10,1.3510443864229762,21.5377763328999,20.854867088607595
NSW,2016-10,1.7006507592190874,21.730101302460181,20.867878136200655
QLD,2016-10,0.805274888558693,29.742223051100325,24.258999637549849
VIC,2016-10,2.7417218543046373,17.948182283666153,18.224114977307082
TAS,2016-10,4.2471468662301293,15.091955098222636,16.456497695852526
QLD,2016-11,1.0598934550989363,32.9789211935731,25.771247644176412
NT,2016-11,2.5663236669784868,36.496522556391042,25.240327868852475
NSW,2016-11,1.1729709605361158,26.574609084139954,25.149188888888926
WA,2016-11,0.41486068111455066,30.719136069114487,26.691795849216451
SA,2016-11,0.5470468431771901,25.009202453987726,24.176635944700426
TAS,2016-11,3.0011616650532367,17.04666021297194,19.306196377502378
VIC,2016-11,1.7407582938388677,21.341195134849237,21.499665796344683
QLD,2016-12,2.7113585746102435,33.4340617935193,24.337021436630341
NSW,2016-12,2.0236496350364974,29.763978102189782,23.4956951174059
WA,2016-12,2.1159444678165782,31.240196882690693,26.168824027072748
SA,2016-12,1.85252790544977,28.560629921259874,24.224264996704029
NT,2016-12,8.3238181818181864,34.749546279491867,21.256231884057954
VIC,2016-12,1.8069352371239173,25.674348492590678,22.827479166666617
TAS,2016-12,2.5486033519553062,19.991010194624678,22.171504761904782
WA,2017-01,2.8212601800257149,32.159117402165016,25.532706797706808
NSW,2017-01,1.6991291727140785,32.0828529733674,23.524087144400465
SA,2017-01,1.5760840998685925,30.33718791064388,25.460902160101675
VIC,2017-01,1.5132151898734136,27.591122448979608,23.735168935955624
QLD,2017-01,5.7265721555797828,33.491633027522951,23.85117900790798
NT,2017-01,9.66843065693431,33.421766848816006,21.029491525423715
TAS,2017-01,1.8492997198879528,21.256250000000037,22.142177121771226
NSW,2017-02,1.8472390165255967,31.051031136271725,21.702522881018723
QLD,2017-02,4.3272133822929435,33.909905853458888,23.751122204472836
SA,2017-02,0.68503253796095409,28.914493809176982,22.229733707077759
NT,2017-02,11.730208333333337,33.228307692307688,21.664311557788984
VIC,2017-02,1.3655133295518993,26.127525539159997,20.397549074593357
WA,2017-02,4.1757633587786236,30.788592456301728,22.648340888485922
TAS,2017-02,1.1617463617463626,20.276046025104591,17.826428571428572
WA,2017-03,2.0216376750106,30.27286885245902,19.846233660130693
NSW,2017-03,6.2766835626357791,27.070920957215343,15.621156609195422
SA,2017-03,0.49184210526315919,29.075529100529153,18.445924050632911
VIC,2017-03,1.512122762148336,26.746257098606112,16.666473282442734
NT,2017-03,5.958356676003735,34.530253623188415,21.86157802964258
QLD,2017-03,7.9927562477363159,32.6164189923885,19.752183908045989
TAS,2017-03,1.1782026768642442,21.654329210275932,13.80692165898617
TAS,2017-04,1.5961051606621217,17.671835132482826,9.152761904761908
NT,2017-04,4.8405353728489571,32.415213358070467,19.919881602914423
VIC,2017-04,2.8757559681697638,20.030842607313222,11.133314014752383
NSW,2017-04,1.5782887297399182,22.253712777987239,14.001332089552239
WA,2017-04,0.38964458095655957,27.951217391304347,16.803195568811216
SA,2017-04,1.3547297297297305,22.997291807718362,13.01540522875818
QLD,2017-04,1.2350811014711434,28.761485974222843,18.8255176252319
TAS,2017-05,3.1488995215311015,13.950379506641351,5.9271349353049851
NSW,2017-05,1.2886322627210387,19.1749097472924,11.200286738351229
VIC,2017-05,1.7674680306905373,15.962923076923097,8.7278441295546489
SA,2017-05,0.95313315926893216,19.300000000000011,10.784480560866784
WA,2017-05,0.96625792811839084,24.898749478949547,13.956823770491795
NT,2017-05,0.0900818926296634,31.885650623885923,19.957994768962514
QLD,2017-05,1.605060506050604,26.852528608342542,15.482577955039883
VIC,2017-06,0.61630094043887107,13.574035453597492,7.8272083333333464
TAS,2017-06,1.3838048780487806,12.608212560386463,5.5704861773117225
SA,2017-06,0.49239204934886849,16.960517358747467,9.7423741007194167
NSW,2017-06,2.0891647855530411,16.291004892736147,9.5825111111111152
WA,2017-06,0.8471840354767195,22.630971922246228,12.604168074324324
QLD,2017-06,0.75697940503432481,24.375727411944904,14.611600000000019
NT,2017-06,0.029227941176470602,29.010904007455718,18.483279279279273
TAS,2017-07,3.0579629629629648,11.245403899721442,6.412571428571435
VIC,2017-07,1.7615773508594557,13.171920932589963,8.4451437216338725
NSW,2017-07,0.606543075245365,16.422679286494375,10.929550682961903
SA,2017-07,1.8890595009596916,16.885796545105563,10.240006365372395
WA,2017-07,2.1253881661770904,21.280571428571434,13.040751327072257
QLD,2017-07,0.53851132686084191,25.274156079854865,15.669046594982094
NT,2017-07,0.15035335689045917,30.771302037201092,19.04530078465563
QLD,2017-08,0.17772925764192143,26.66932067202336,18.68770569046756
NT,2017-08,0.0095999999999999835,31.847466666666676,21.82228421970359
WA,2017-08,2.11605562579014,22.310380057212903,15.597541922290397
NSW,2017-08,1.1310043668122238,17.039730025538123,13.728996389891693
TAS,2017-08,3.2942164179104458,11.924233983286896,9.1463317972350371
VIC,2017-08,2.6692229558151332,13.317623158963912,10.537520161290287
SA,2017-08,2.1210223642172537,16.640243122200896,12.305591397849469
NSW,2017-09,0.30082212257100216,21.779222720478291,17.784603115726995
QLD,2017-09,0.17048441607209835,29.843438914027121,21.880237918215656
NT,2017-09,0.059449541284403606,34.196703296703276,23.983270270270275
WA,2017-09,1.4035429583702423,24.861439034898716,19.28178586542532
SA,2017-09,1.2523240371845927,20.129200000000008,16.835673898750823
TAS,2017-09,3.4733785091965133,12.978461538461527,11.663190476190472
VIC,2017-09,1.8824020887728419,16.48247639034625,14.187234375000008
NT,2017-10,1.1671694764862466,36.053327417923711,24.973469921534456
WA,2017-10,0.73266811279826394,27.771156289707797,23.323357933579327
QLD,2017-10,3.9519710669077814,30.428306686046572,21.669569892473092
TAS,2017-10,1.9658676893576217,17.262164750957844,17.634032258064522
NSW,2017-10,2.2526620789568921,24.320448787549765,20.367071325648343
SA,2017-10,0.7066408768536433,23.955183727034157,20.92605714285715
VIC,2017-10,1.803671596124429,20.48787878787877,18.779964682139223
QLD,2017-11,2.1879699248120343,30.880180859080635,24.545726047904189
WA,2017-11,0.586341463414634,30.787248908296942,25.942839293407985
NT,2017-11,3.5080882352941147,35.480537534754454,24.708259292837731
SA,2017-11,1.1187830687830675,27.609406270847206,22.100155405405406
NSW,2017-11,2.0868430860976597,25.572081784386619,23.468961685823739
VIC,2017-11,1.7005291005290988,25.109798728813569,23.076740420939007
TAS,2017-11,1.118849206349205,20.830569430569447,23.985543147208105
QLD,2017-12,2.1529411764705948,33.532597173144808,27.035535868625804
WA,2017-12,1.3222560975609758,31.938966202783313,26.535984367366854
NT,2017-12,3.2346695557963181,36.389081081081152,25.197264957264977
SA,2017-12,1.0821917808219186,27.863105303612627,25.519478458049925
NSW,2017-12,2.5988845988845979,29.147772065124197,23.552717948717937
VIC,2017-12,3.4836784409257,24.901039755351707,22.688124621899529
TAS,2017-12,3.3064220183486239,20.086238532110126,20.507950169875421
NSW,2018-01,1.3566459172464289,31.757080131723392,24.674942487419141
SA,2018-01,0.43803997421018731,31.534045307443353,24.968569620253156
QLD,2018-01,4.1803790412486128,34.040602902865658,24.772483660130728
NT,2018-01,15.096015180265626,34.069259962049244,19.893821656050925
WA,2018-01,3.7267956989247315,32.211250000000085,25.085032948929147
VIC,2018-01,1.431227892875192,28.87772704211061,23.714631685166495
TAS,2018-01,1.3027230046948381,23.236030103480712,22.042574074074071
SA,2018-02,0.2933238636363637,30.365883190883196,22.14925770308124
NSW,2018-02,2.4940143655227445,29.738817891373806,21.677279586973786
VIC,2018-02,0.61094190637337842,27.465521126760542,20.629419642857126
QLD,2018-02,6.7540272614622117,33.099089026915067,22.324630147940841
NT,2018-02,6.5380753138075374,34.509907120743087,22.502480694980694
WA,2018-02,2.2664413326895225,30.971045197740146,23.086097337006443
TAS,2018-02,1.892259414225943,21.199267015706834,17.129785495403464
NT,2018-03,5.5974121996303134,34.374328081556982,22.407560756075593
WA,2018-03,0.61353448275861988,31.697569153394795,20.621959983666805
NSW,2018-03,1.7580959249909787,27.859349005424953,18.0720057409401
SA,2018-03,0.23599740090968147,27.596320630749023,18.840942441492707
TAS,2018-03,2.6590693257359912,19.707122232916241,13.222589861751144
QLD,2018-03,5.8784226190476216,30.712918838421459,19.270257994186068
VIC,2018-03,0.82425467407781616,24.964354430379771,16.904536290322614
WA,2018-04,0.44281207751239282,29.427647569444435,16.788951374207166
VIC,2018-04,0.69639686684072744,22.744845630559944,12.161859374999979
TAS,2018-04,1.8889570552147217,17.188888888888872,9.1734604385128637
SA,2018-04,0.50415814587593677,26.566266666666678,14.621890124264226
NSW,2018-04,0.98807649043869339,26.149378531073424,14.827592247484155
NT,2018-04,1.1241890639481007,34.951750236518457,22.077270270270294
QLD,2018-04,1.1518109035455593,30.18203454894433,18.616815286624139
WA,2018-05,0.96669557675628726,25.308853951179181,14.159211923233986
NSW,2018-05,0.75266570605187122,19.761425959780563,11.463334528504829
VIC,2018-05,2.0858316221765949,16.480102040816316,8.1470647773279534
TAS,2018-05,3.2204633204633213,14.523217726396926,5.99041474654378
SA,2018-05,1.1502268308489969,18.8541504539559,9.9501265022137861
NT,2018-05,0.093693693693693778,31.166232558139527,19.850261551874432
QLD,2018-05,0.94841093865484327,26.336724842183454,15.954234492649682
VIC,2018-06,2.0647398843930613,13.193200836820068,7.5800364583333373
TAS,2018-06,2.7364356435643553,12.360255152109902,5.7250571428571506
NSW,2018-06,2.1672008945210615,15.803811659192824,9.46577464788732
SA,2018-06,1.2967614011896893,15.997886393659188,9.4399738562091411
WA,2018-06,2.0586654724585731,21.427560763888895,12.163247533247533
QLD,2018-06,0.76232645403377242,24.06060491493383,14.590974074074081
NT,2018-06,0.012407407407407412,29.28041044776122,18.657567567567579
SA,2018-07,1.2802310654685489,16.566987797045602,10.4114746835443
NSW,2018-07,0.4973693693693691,16.768148951554604,11.199003226963054
TAS,2018-07,4.7728718428437826,11.863025210084039,6.053760368663597
VIC,2018-07,1.5855837563451813,13.245848191543532,8.4365623422514
QLD,2018-07,0.48675932699341495,24.709783008459006,15.776783015473196
NT,2018-07,0.028930817610062921,30.038385650224203,19.396059285091596
WA,2018-07,2.1007337073802326,21.798324958123931,13.35938378825472
WA,2018-08,2.1859589041095893,21.247521865889205,15.725728868926106
VIC,2018-08,2.037480954799392,13.6834773767158,10.780519153225809
NSW,2018-08,0.831976953546992,17.187063063063057,13.394346733668328
TAS,2018-08,3.537061611374404,12.02923368022706,8.5316958525345576
QLD,2018-08,0.28920704845815,25.812338381972662,18.691497113997119
NT,2018-08,0.071877807726864237,30.593165467625912,21.432758620689647
SA,2018-08,2.1857609405617255,17.175559947299053,12.656116816431306
QLD,2018-09,0.40168131448223054,28.36042471042472,21.473078918117825
NT,2018-09,0.11539923954372606,33.813010446343775,24.081936936936923
WA,2018-09,0.45451327433628336,24.8082469775475,19.771493670886088
SA,2018-09,0.43409395973154336,19.233077994428971,17.580078431372577
NSW,2018-09,1.4033482142857139,20.24311755952386,17.589314814814774
VIC,2018-09,0.84740973312401968,16.498737506575456,15.54609374999999
TAS,2018-09,1.81974333662389,14.077470355731231,13.201542857142845
SA,2018-10,0.66336898395721933,24.061629434953996,19.808431372549002
NSW,2018-10,2.81308881697232,23.445330459770116,19.82348028673842
QLD,2018-10,2.4109212481426443,30.927201198950932,23.519506661865311
WA,2018-10,0.88968152866241834,27.414831740756139,22.367505104124145
NT,2018-10,0.67916666666666692,36.190307971014477,25.415558487247139
VIC,2018-10,1.1049464558898507,20.947701736465756,18.855100908173533
TAS,2018-10,1.0654648956356725,16.870132325141743,17.36418433179723
SA,2018-11,1.2598648648648652,24.807847082494945,22.466189542483665
WA,2018-11,0.7093023255813965,28.883734939759041,25.453161453930704
NT,2018-11,2.516988416988418,36.309221902017235,24.857927927927939
NSW,2018-11,2.7574610244988893,25.644736842105267,22.34795925925927
QLD,2018-11,1.070223231176693,33.160340264650365,26.288580980683445
VIC,2018-11,2.3715508021390383,22.179810725552052,19.655182291666659
TAS,2018-11,2.8876338851022361,17.881341107871705,17.431628352490417
QLD,2018-12,4.9871681415929228,33.449047619047512,24.471303558460448
NSW,2018-12,2.230859232175503,29.713289521723244,25.376559217674764
WA,2018-12,0.59171648163962387,32.298548320199167,27.550455291222367
SA,2018-12,0.80976253298152989,29.870622950819655,24.817236340533714
NT,2018-12,3.1631294964028807,37.349329758713168,24.636358024691365
VIC,2018-12,2.7384215991692633,26.725996892801685,22.663237851662409
TAS,2018-12,2.2971871968962154,21.334526112185713,23.026289424860824
NT,2019-01,7.0989010989011021,36.202278942570658,23.269513513513463
WA,2019-01,1.2371914893617024,33.285873146622791,26.878885702580913
NSW,2019-01,1.6118855465884065,33.609394495412836,24.606229685807165
SA,2019-01,0.092715231788079472,33.035944700460782,26.662201138519968
VIC,2019-01,0.72635342185904028,30.487378142637322,25.054364471669171
QLD,2019-01,4.8254300673148816,33.786149275900506,24.51752829499819
TAS,2019-01,0.34266009852216767,23.935424710424691,24.090506912442414
WA,2019-02,0.5167459562321598,33.424088601753652,25.622369624885611
NT,2019-02,3.4324894514767892,36.076136363636337,25.048322017458759
SA,2019-02,0.21683453237410072,29.929214285714284,24.2401963534362
NSW,2019-02,1.3102646351242988,29.68885782747606,22.551614314115294
QLD,2019-02,5.7830813240702961,32.836176232821416,22.948944025406917
TAS,2019-02,2.161521739130432,21.267920585161963,17.630285714285694
VIC,2019-02,0.83538028169014156,27.188060538116591,21.296716917922925
NSW,2019-03,3.4032679738562175,27.540094511086856,16.822538710839016
WA,2019-03,1.4901909722222233,31.662819974821677,19.663237469186537
QLD,2019-03,5.7421811460258967,32.086929307805619,20.01834597327559
NT,2019-03,4.61359927470536,35.529055258467039,22.759703574542325
SA,2019-03,0.30622568093385222,27.555426356589184,18.373580012650205
VIC,2019-03,1.1740890688259125,25.248959918822941,15.748351814516123
TAS,2019-03,1.3961847389558242,20.424457034938641,13.244433179723499
NT,2019-04,3.0383018867924592,33.226459510357742,20.323182640144669
WA,2019-04,0.90591900311526541,28.394319167389437,16.498662666095154
VIC,2019-04,0.47920585161964396,21.42589098532493,11.859791666666689
TAS,2019-04,1.92965235173824,17.3624385447394,9.8402095238095271
NSW,2019-04,0.81523525018670706,24.211795446061906,14.663896296296308
SA,2019-04,0.18911745189117454,24.638583719391164,13.810366013071883
QLD,2019-04,2.4496766831494816,28.864432597105861,18.288964365256135
WA,2019-05,0.49842486164325245,24.842993762993775,14.215417700578984
TAS,2019-05,2.7921798631476058,14.44686907020872,6.1432011070110679
VIC,2019-05,3.0252932177460505,16.393245302183836,8.4224861040929575
NSW,2019-05,1.1608366390191125,19.598085260115585,11.191108719052744
SA,2019-05,2.0465806451612929,19.000709219858159,10.567748260594557
NT,2019-05,1.0203753351206455,30.916591928251123,19.067114210985189
QLD,2019-05,0.97075506445672244,26.180376940133041,15.541779935275063
TAS,2019-06,2.5351944167497513,12.492509727626459,5.4773854961832056
VIC,2019-06,2.7634453781512605,13.78179916317991,7.7383541666666673
NSW,2019-06,1.993188622754491,16.369046728971938,9.6140826200223337
WA,2019-06,2.6696230598669577,21.480137575236476,12.219399233063504
SA,2019-06,1.6172000000000015,15.999532710280358,9.5836023622047239
QLD,2019-06,1.1859208523592109,23.43723769553608,14.314035418236655
NT,2019-06,0.019172932330827005,28.552083333333336,18.357592067988691
TAS,2019-07,4.0795698924731116,11.932476190476194,6.2834285714285789
VIC,2019-07,1.9012683916793545,13.236414423565277,8.1591381048387071
NSW,2019-07,0.79266353451391369,16.636958092485514,10.857136200716832
SA,2019-07,1.08639587362992,16.548904639175287,10.215647208121808
WA,2019-07,1.3567114093959705,21.776086956521741,13.355797872340444
NT,2019-07,0.016621499548328776,29.514324569356283,19.548517872711436
QLD,2019-07,0.52710212919523636,24.312125586430916,15.616627240143357
NT,2019-08,0.02053162236480293,30.050552486187829,21.633359718557617
WA,2019-08,1.5716199246546709,22.647898816809459,16.19276847692937
VIC,2019-08,1.8985256736146439,13.162372708757633,10.547278225806457
NSW,2019-08,0.98755458515283934,17.320408163265284,13.695912223431273
TAS,2019-08,3.0825670498084268,12.068093023255829,8.95187096774193
SA,2019-08,1.0571613739468546,16.234635416666638,12.787583807716647
QLD,2019-08,0.33762662807525234,25.26005778259297,18.165718895661531
NSW,2019-09,1.2930789375233895,21.222460496613969,17.441841128433527
WA,2019-09,0.57329819938515658,26.251498287671257,20.159309322033891
NT,2019-09,0.050470809792843664,32.967669902912611,24.077072072072109
QLD,2019-09,0.13488194973343492,28.922664624808569,21.958103192279125
SA,2019-09,1.0431506849315078,20.405401662049865,17.149176470588262
VIC,2019-09,1.5886933333333397,16.464850427350431,14.660310036784011
TAS,2019-09,2.287035175879395,14.202154750244873,13.082285714285726
WA,2019-10,0.61182931981410948,29.150020721094105,23.571616986525129
QLD,2019-10,0.9740794223826762,31.053189189189247,24.323189964157731
NT,2019-10,0.50944087992667353,36.297531992687425,25.840236634531063
SA,2019-10,0.41984334203655377,25.140066225165551,21.764174573055019
NSW,2019-10,0.72295973884657161,25.071220400728571,22.11962311557793
VIC,2019-10,1.2344385026737981,21.033828207847279,19.144757575757531
TAS,2019-10,1.275167785234901,16.904596622889294,17.686746543778796
NT,2019-11,1.1529300567107741,37.087006737247378,26.540018050541509
QLD,2019-11,0.32727272727272788,33.597919031403741,27.558659259259311
WA,2019-11,0.33009198423127462,31.61626609442057,27.268886075949343
SA,2019-11,0.56731937879810923,25.116416893732957,24.359202614379107
NSW,2019-11,0.97980625931445742,27.447376256047612,25.286059259259286
VIC,2019-11,1.7647879763821754,21.755166846071038,21.187408778424096
TAS,2019-11,2.6518811881188116,16.946926829268289,19.233514285714289
QLD,2019-12,1.4613554434030289,35.392027417027371,27.5297419354839
WA,2019-12,0.44529262086514043,35.339650872818034,27.987856267864412
SA,2019-12,0.18078947368421033,31.569940278699391,27.469790209790204
NSW,2019-12,0.37072271386430661,31.008713235294064,26.564832970225151
NT,2019-12,1.4566943674976911,38.582926829268352,25.817030567685617
VIC,2019-12,1.1398565573770525,26.819157678479737,25.1888659274194
TAS,2019-12,1.6874,19.784593023255791,23.364800759013285
NT,2020-01,8.2788048552754461,35.563745387453871,22.615296198054835
NSW,2020-01,2.188051948051946,31.487721893491177,23.463060638679583
SA,2020-01,0.63481138318994068,29.725693527080569,25.536267427122933
WA,2020-01,1.998826487845764,32.629457364341135,26.523928717738659
QLD,2020-01,6.315758683729439,34.065018181818161,23.89899533548618
VIC,2020-01,2.6430484037075215,27.394295991777998,22.417999999999974
TAS,2020-01,1.5787937743190661,22.010861423220941,20.1943410138249
WA,2020-02,2.23663636363636,32.671249999999944,23.094110671936761
QLD,2020-02,7.8914734774066728,32.763568333989831,22.550019312475818
NT,2020-02,7.5650446871896673,35.057016683022574,22.927500000000009
NSW,2020-02,6.9508414872798472,27.751935862338673,19.715532975460128
SA,2020-02,1.2260683760683779,27.303328611898031,23.163353658536582
VIC,2020-02,2.32986870897155,24.939583333333317,19.155738942826293
TAS,2020-02,2.0337526205450751,20.191683569979695,17.617308838133038